,ID,PAGE_NUMBER,LATITUDE,LONGITUDE,TOWNSHIPS_RANGES_SECTIONS,WATERSOURCE_NAME,LOCATION,COUNTY,DATE_OF_DATA,RESOLUTION,UNITS_USED,WATER_TYPE,Water_TYPE,Water_Type
0,56394,282,-33.8666667,151.2094444,N 12/16 NE 1/2,,Sydney Olympic Park,,01/07/1995-31/12/2019,DAILY,AC-FT,,Groundwater,
1,56394,282,-33.8666667,151.2094444,,CAL YR,,,01/07/1995-31/12/2019,YEARLY,AC-FT,,,Other (self-define)
2,2846,29,NA,NA,NA,Whitewater River,Whitewater River,NA,01/01/1948-12/31/1967,yearly,acre-feet,Groundwater,,
3,2846,29,NA,NA,NA,San Gorgonio Pass subbasin,San Gorgonio Pass subbasin,NA,01/01/1948-12/31/1967,yearly,acre-feet,Groundwater,,
4,2846,29,NA,NA,NA,Snow Creek,Snow Creek,NA,01/01/1948-12/31/1967,yearly,acre-feet,Groundwater,,
5,2846,29,NA,NA,NA,Falls Creek,Falls Creek,NA,01/01/1948-12/31/1967,yearly,acre-feet,Groundwater,,
6,2846,29,NA,NA,NA,Chino Canyon,Chino Canyon,NA,01/01/1948-12/31/1967,yearly,acre-feet,Groundwater,,
7,2846,29,NA,NA,NA,Tahquitz Creek,Tahquitz Creek,NA,01/01/1948-12/31/1967,yearly,acre-feet,Groundwater,,
8,2846,29,NA,NA,NA,Palm Canyon,Palm Canyon,NA,01/01/1948-12/31/1967,yearly,acre-feet,Groundwater,,
9,2846,29,NA,NA,NA,Deep Creek,Deep Creek,NA,01/01/1948-12/31/1967,yearly,acre-feet,Groundwater,,
10,38797,8,-39.3333,122.4167,T 1 N/S R 2 E/W S NE 1/4,CACHE CREEK DRAINAGE BASIN,"Caches Creek, California","Shasta County, California",01/01/1970-12/31/2022,Yearly,Cumulative,Groundwater,,
11,38797,8,-39.4167,122.5833,T 2 N/S R 3 E/W S SW 1/4,CACHE CREEK DRAINAGE BASIN,"Caches Creek, California","Shasta County, California",01/01/1970-12/31/2022,Yearly,Cumulative,Groundwater,,
12,38797,8,-39.5833,122.75,T 3 N/S R 4 E/W S SE 1/4,CACHE CREEK DRAINAGE BASIN,"Caches Creek, California","Shasta County, California",01/01/1970-12/31/2022,Yearly,Cumulative,Groundwater,,
13,53419,29,NA,NA,"21N/15W -1R,M",Pete Imboden,Water resorts,Mendocino,NA-NA,Daily,gpm,Groundwater,,
14,53419,29,NA,NA,"21N/15W -1R,M",F. A. Congress,Swimming,Napa,NA-NA,Monthly,ppm,Groundwater,,
15,53419,29,NA,NA,NA,NA,Irrigation,NA,NA-NA,Yearly,NA,Groundwater,,
16,3067,268,-NA-,-NA-,"T 0 N/S, R 0 E/W, S NW/1/4",Water Usage Data,Point of Interest,,01/01/1955-12/31/1955,Yearly,Ac-ft,Groundwater,,
17,10372,13,NA,NA,"T 30 S., R. 27 E.",NA,Mount Diablo Base Line and Meridian,NA,01/01/1975-12/31/1977,yearly,acre-feet,Groundwater,,
18,10372,13,NA,NA,28 E.,NA,Mount Diablo Base Line and Meridian,NA,01/01/1975-12/31/1977,yearly,acre-feet,Groundwater,,
19,10372,13,NA,NA,29 E.,NA,Mount Diablo Base Line and Meridian,NA,01/01/1975-12/31/1977,yearly,acre-feet,Groundwater,,
20,10372,13,NA,NA,30 E.,NA,Mount Diablo Base Line and Meridian,NA,01/01/1975-12/31/1977,yearly,acre-feet,Groundwater,,
21,10372,13,NA,NA,Tps. 11 & 12 N.,NA,San Bernardino Base Line and Meridian,NA,01/01/1975-12/31/1977,yearly,acre-feet,Groundwater,,
22,48176,27,37.0667,-121.9833,NA,"Pajaro Valley, California",NA,Santa Cruz,01/01/1963-12/31/1968,Yearly,Acre-feet,Groundwater,,
23,48176,27,NA,NA,NA,"Pajaro Valley, California",NA,Santa Cruz,01/01/1963-12/31/1968,Yearly,Acre-feet,Groundwater,,
24,48176,27,NA,NA,NA,"Pajaro Valley, California",NA,Santa Cruz,01/01/1963-12/31/1968,Yearly,Acre-feet,Groundwater,,
25,3067,266,NA,NA,NA,NA,NA,NA,01/01/1949-31/12/2013,yearly,NA,Other (self-define),,
26,3067,266,NA,NA,NA,NA,NA,NA,01/01/1949-31/12/2013,yearly,NA,Other (self-define),,
27,3067,266,NA,NA,NA,NA,NA,NA,01/01/1949-31/12/2013,yearly,NA,Other (self-define),,
28,28950,19,NA,NA,NA,NA,NA,NA,DD/MM/YYYY-DD/MM/YYYY,NA,NA,Other (self-define),,
29,28950,19,NA,NA,NA,NA,NA,NA,DD/MM/YYYY-DD/MM/YYYY,NA,NA,Other (self-define),,
30,28950,19,NA,NA,NA,NA,NA,NA,DD/MM/YYYY-DD/MM/YYYY,NA,NA,Other (self-define),,
31,25076,28,NA,NA,Erskine Creek near Isabella T # N/S,Erskine Creek,Isabella,NA,1910-11-1924-25,monthly,NA,Stream,,
32,25076,28,NA,NA,Basin Creek near Havilah T # N/S,Basin Creek,Havilah,NA,1910-11-1924-25,monthly,NA,Stream,,
33,25076,28,NA,NA,Tejon House Creek at Tejon ranch house T # N/S,Tejon House Creek,Tejon Ranch House,NA,1910-11-1924-25,monthly,NA,Stream,,
34,25076,32,36.5125,-119.05,"T 2 N/S, R 3 E/W, S NE/SE 1/4",Kaweah River,Lemon Cove,Tulare,01/10/1902-30/09/1927,monthly,NA,Stream,,
35,25076,32,36.5125,-119.05,"T 2 N/S, R 3 E/W, S NE/SE 1/4",Kaweah River,Lemon Cove,Tulare,01/10/1902-30/09/1927,monthly,NA,Stream,,
36,25076,32,36.5125,-119.05,"T 2 N/S, R 3 E/W, S NE/SE 1/4",Kaweah River,Lemon Cove,Tulare,01/10/1902-30/09/1927,monthly,NA,Stream,,
37,2846,46,NA,NA,NA,Desert Hot Springs,Desert Hot Springs,NA,NA-NA,yearly,acre-feet,Groundwater,,
38,2846,46,NA,NA,NA,Mission Creek,Mission Creek,NA,NA-NA,yearly,acre-feet,Groundwater,,
39,2846,46,NA,NA,NA,Garnet Hill,Garnet Hill,NA,NA-NA,yearly,acre-feet,Groundwater,,
40,2846,46,NA,NA,NA,Whitewater River,Whitewater River,NA,NA-NA,yearly,acre-feet,Groundwater,,
41,56394,254,NA,NA,NA,NA,OCT-SEP,NA,01/10/2022-30/09/2022,daily,t,Precipitation,,
42,56394,254,NA,NA,NA,NA,OCT-SEP,NA,01/10/2022-30/09/2022,daily,t,Precipitation,,
43,56394,254,NA,NA,NA,NA,OCT-SEP,NA,01/10/2022-30/09/2022,daily,t,Precipitation,,
