agency_cd,site_no,station_nm,site_tp_cd,dec_lat_va,dec_long_va,coord_acy_cd,dec_coord_datum_cd,alt_va,alt_acy_va,alt_datum_cd,huc_cd,data_type_cd,parm_cd,stat_cd,ts_id,loc_web_ds,medium_grp_cd,parm_grp_cd,srs_id,access_cd,begin_date,end_date,count_nu,county_name,county_fips
USGS,11162500,PESCADERO C NR PESCADERO CA,ST,37.2607338,-122.3288125,F,NAD83, 67.43,.16,NAVD88,18050006,ad,,,0,,wat,,0,0,2005,2025,21,San Mateo,06081
USGS,11162500,PESCADERO C NR PESCADERO CA,ST,37.2607338,-122.3288125,F,NAD83, 67.43,.16,NAVD88,18050006,dv,00010,00001,8796,,wat,,1645597,0,1965-04-24,1979-02-08,3934,San Mateo,06081
USGS,11162500,PESCADERO C NR PESCADERO CA,ST,37.2607338,-122.3288125,F,NAD83, 67.43,.16,NAVD88,18050006,dv,00010,00002,8797,,wat,,1645597,0,1965-04-24,1979-02-08,3935,San Mateo,06081
USGS,11162500,PESCADERO C NR PESCADERO CA,ST,37.2607338,-122.3288125,F,NAD83, 67.43,.16,NAVD88,18050006,dv,00010,00011,8798,,wat,,1645597,0,1973-10-01,1980-09-11,99,San Mateo,06081
USGS,11162500,PESCADERO C NR PESCADERO CA,ST,37.2607338,-122.3288125,F,NAD83, 67.43,.16,NAVD88,18050006,dv,00060,00003,8799,,wat,,1645423,0,1951-04-14,2026-06-09,27451,San Mateo,06081
USGS,11162500,PESCADERO C NR PESCADERO CA,ST,37.2607338,-122.3288125,F,NAD83, 67.43,.16,NAVD88,18050006,dv,80154,00003,8800,,wat,,17164666,0,1979-12-01,1980-09-29,304,San Mateo,06081
USGS,11162500,PESCADERO C NR PESCADERO CA,ST,37.2607338,-122.3288125,F,NAD83, 67.43,.16,NAVD88,18050006,dv,80155,00003,8801,,wat,,17164591,0,1979-12-01,1980-09-29,304,San Mateo,06081
USGS,11162500,PESCADERO C NR PESCADERO CA,ST,37.2607338,-122.3288125,F,NAD83, 67.43,.16,NAVD88,18050006,pk,,,0,,wat,,0,0,1952-03-14,2025-02-13,74,San Mateo,06081
USGS,11162500,PESCADERO C NR PESCADERO CA,ST,37.2607338,-122.3288125,F,NAD83, 67.43,.16,NAVD88,18050006,qw,,,0,,wat,ALL,0,0,1966-06-29,1993-05-11,235,San Mateo,06081
USGS,11162500,PESCADERO C NR PESCADERO CA,ST,37.2607338,-122.3288125,F,NAD83, 67.43,.16,NAVD88,18050006,qw,00004,,0,,wat,PHY,1645241,0,1985-10-16,1986-06-18,9,San Mateo,06081
USGS,11162500,PESCADERO C NR PESCADERO CA,ST,37.2607338,-122.3288125,F,NAD83, 67.43,.16,NAVD88,18050006,qw,00009,,0,,wat,INF,0,0,1991-03-14,1993-03-17,9,San Mateo,06081
USGS,11162500,PESCADERO C NR PESCADERO CA,ST,37.2607338,-122.3288125,F,NAD83, 67.43,.16,NAVD88,18050006,qw,00010,,0,,sed,PHY,1645597,0,1985-10-16,1993-05-11,87,San Mateo,06081
USGS,11162500,PESCADERO C NR PESCADERO CA,ST,37.2607338,-122.3288125,F,NAD83, 67.43,.16,NAVD88,18050006,qw,00010,,0,,wat,PHY,1645597,0,1970-11-28,1993-05-11,75,San Mateo,06081
USGS,11162500,PESCADERO C NR PESCADERO CA,ST,37.2607338,-122.3288125,F,NAD83, 67.43,.16,NAVD88,18050006,qw,00028,,0,,sed,INF,0,0,1985-10-16,1993-05-11,90,San Mateo,06081
USGS,11162500,PESCADERO C NR PESCADERO CA,ST,37.2607338,-122.3288125,F,NAD83, 67.43,.16,NAVD88,18050006,qw,00028,,0,,wat,INF,0,0,1985-10-16,1993-05-11,56,San Mateo,06081
USGS,11162500,PESCADERO C NR PESCADERO CA,ST,37.2607338,-122.3288125,F,NAD83, 67.43,.16,NAVD88,18050006,qw,00060,,0,,wat,PHY,1645423,0,1966-06-29,1977-07-27,76,San Mateo,06081
USGS,11162500,PESCADERO C NR PESCADERO CA,ST,37.2607338,-122.3288125,F,NAD83, 67.43,.16,NAVD88,18050006,qw,00061,,0,,sed,PHY,1645415,0,1985-10-16,1993-05-11,90,San Mateo,06081
USGS,11162500,PESCADERO C NR PESCADERO CA,ST,37.2607338,-122.3288125,F,NAD83, 67.43,.16,NAVD88,18050006,qw,00061,,0,,wat,PHY,1645415,0,1972-12-06,1993-05-11,69,San Mateo,06081
USGS,11162500,PESCADERO C NR PESCADERO CA,ST,37.2607338,-122.3288125,F,NAD83, 67.43,.16,NAVD88,18050006,qw,00063,,0,,sed,INF,0,0,1985-10-16,1993-05-11,53,San Mateo,06081
USGS,11162500,PESCADERO C NR PESCADERO CA,ST,37.2607338,-122.3288125,F,NAD83, 67.43,.16,NAVD88,18050006,qw,00063,,0,,wat,INF,0,0,1986-01-07,1993-03-17,11,San Mateo,06081
USGS,11162500,PESCADERO C NR PESCADERO CA,ST,37.2607338,-122.3288125,F,NAD83, 67.43,.16,NAVD88,18050006,qw,00095,,0,,wat,PHY,1646694,0,1966-06-29,1977-07-27,70,San Mateo,06081
USGS,11162500,PESCADERO C NR PESCADERO CA,ST,37.2607338,-122.3288125,F,NAD83, 67.43,.16,NAVD88,18050006,qw,00191,,0,,wat,INN,1640572,0,1977-07-27,1977-07-27,1,San Mateo,06081
USGS,11162500,PESCADERO C NR PESCADERO CA,ST,37.2607338,-122.3288125,F,NAD83, 67.43,.16,NAVD88,18050006,qw,00300,,0,,wat,INN,154302,0,1977-07-27,1977-07-27,1,San Mateo,06081
USGS,11162500,PESCADERO C NR PESCADERO CA,ST,37.2607338,-122.3288125,F,NAD83, 67.43,.16,NAVD88,18050006,qw,00335,,0,,wat,PHY,1641661,0,1977-07-27,1977-07-27,1,San Mateo,06081
USGS,11162500,PESCADERO C NR PESCADERO CA,ST,37.2607338,-122.3288125,F,NAD83, 67.43,.16,NAVD88,18050006,qw,00400,,0,,wat,PHY,17028275,0,1977-07-27,1977-07-27,1,San Mateo,06081
USGS,11162500,PESCADERO C NR PESCADERO CA,ST,37.2607338,-122.3288125,F,NAD83, 67.43,.16,NAVD88,18050006,qw,00405,,0,,wat,INN,33548,0,1977-07-27,1977-07-27,1,San Mateo,06081
USGS,11162500,PESCADERO C NR PESCADERO CA,ST,37.2607338,-122.3288125,F,NAD83, 67.43,.16,NAVD88,18050006,qw,00410,,0,,wat,INN,1640192,0,1966-06-29,1977-07-27,70,San Mateo,06081
USGS,11162500,PESCADERO C NR PESCADERO CA,ST,37.2607338,-122.3288125,F,NAD83, 67.43,.16,NAVD88,18050006,qw,00440,,0,,wat,INN,4788,0,1966-06-29,1977-07-27,70,San Mateo,06081
USGS,11162500,PESCADERO C NR PESCADERO CA,ST,37.2607338,-122.3288125,F,NAD83, 67.43,.16,NAVD88,18050006,qw,00445,,0,,wat,INN,119396,0,1977-07-27,1977-07-27,1,San Mateo,06081
USGS,11162500,PESCADERO C NR PESCADERO CA,ST,37.2607338,-122.3288125,F,NAD83, 67.43,.16,NAVD88,18050006,qw,00530,,0,,wat,PHY,1642818,0,1977-07-27,1977-07-27,1,San Mateo,06081
USGS,11162500,PESCADERO C NR PESCADERO CA,ST,37.2607338,-122.3288125,F,NAD83, 67.43,.16,NAVD88,18050006,qw,00535,,0,,wat,PHY,1640374,0,1977-07-27,1977-07-27,1,San Mateo,06081
USGS,11162500,PESCADERO C NR PESCADERO CA,ST,37.2607338,-122.3288125,F,NAD83, 67.43,.16,NAVD88,18050006,qw,00540,,0,,wat,PHY,1640341,0,1977-07-27,1977-07-27,1,San Mateo,06081
USGS,11162500,PESCADERO C NR PESCADERO CA,ST,37.2607338,-122.3288125,F,NAD83, 67.43,.16,NAVD88,18050006,qw,00600,,0,,wat,NUT,52450988,0,1977-07-27,1977-07-27,1,San Mateo,06081
USGS,11162500,PESCADERO C NR PESCADERO CA,ST,37.2607338,-122.3288125,F,NAD83, 67.43,.16,NAVD88,18050006,qw,00625,,0,,wat,NUT,17148461,0,1977-07-27,1977-07-27,1,San Mateo,06081
USGS,11162500,PESCADERO C NR PESCADERO CA,ST,37.2607338,-122.3288125,F,NAD83, 67.43,.16,NAVD88,18050006,qw,00630,,0,,wat,NUT,701177,0,1977-07-27,1977-07-27,1,San Mateo,06081
USGS,11162500,PESCADERO C NR PESCADERO CA,ST,37.2607338,-122.3288125,F,NAD83, 67.43,.16,NAVD88,18050006,qw,00631,,0,,wat,NUT,701177,0,1977-07-27,1977-07-27,1,San Mateo,06081
USGS,11162500,PESCADERO C NR PESCADERO CA,ST,37.2607338,-122.3288125,F,NAD83, 67.43,.16,NAVD88,18050006,qw,00665,,0,,wat,NUT,153049,0,1977-07-27,1977-07-27,1,San Mateo,06081
USGS,11162500,PESCADERO C NR PESCADERO CA,ST,37.2607338,-122.3288125,F,NAD83, 67.43,.16,NAVD88,18050006,qw,00900,,0,,wat,PHY,1640416,0,1966-06-29,1977-07-27,70,San Mateo,06081
USGS,11162500,PESCADERO C NR PESCADERO CA,ST,37.2607338,-122.3288125,F,NAD83, 67.43,.16,NAVD88,18050006,qw,00902,,0,,wat,PHY,1640432,0,1966-06-29,1977-07-27,70,San Mateo,06081
USGS,11162500,PESCADERO C NR PESCADERO CA,ST,37.2607338,-122.3288125,F,NAD83, 67.43,.16,NAVD88,18050006,qw,00915,,0,,wat,INM,150268,0,1966-06-29,1977-07-27,70,San Mateo,06081
USGS,11162500,PESCADERO C NR PESCADERO CA,ST,37.2607338,-122.3288125,F,NAD83, 67.43,.16,NAVD88,18050006,qw,00925,,0,,wat,INM,149617,0,1966-06-29,1977-07-27,70,San Mateo,06081
USGS,11162500,PESCADERO C NR PESCADERO CA,ST,37.2607338,-122.3288125,F,NAD83, 67.43,.16,NAVD88,18050006,qw,00930,,0,,wat,INM,149856,0,1966-06-29,1977-07-27,70,San Mateo,06081
USGS,11162500,PESCADERO C NR PESCADERO CA,ST,37.2607338,-122.3288125,F,NAD83, 67.43,.16,NAVD88,18050006,qw,00931,,0,,wat,INM,1640523,0,1966-06-29,1977-07-27,70,San Mateo,06081
USGS,11162500,PESCADERO C NR PESCADERO CA,ST,37.2607338,-122.3288125,F,NAD83, 67.43,.16,NAVD88,18050006,qw,00932,,0,,wat,INM,1646660,0,1966-06-29,1977-07-27,70,San Mateo,06081
USGS,11162500,PESCADERO C NR PESCADERO CA,ST,37.2607338,-122.3288125,F,NAD83, 67.43,.16,NAVD88,18050006,qw,00935,,0,,wat,INM,149740,0,1966-06-29,1977-07-27,70,San Mateo,06081
USGS,11162500,PESCADERO C NR PESCADERO CA,ST,37.2607338,-122.3288125,F,NAD83, 67.43,.16,NAVD88,18050006,qw,00940,,0,,wat,INN,205955,0,1966-06-29,1977-07-27,70,San Mateo,06081
USGS,11162500,PESCADERO C NR PESCADERO CA,ST,37.2607338,-122.3288125,F,NAD83, 67.43,.16,NAVD88,18050006,qw,00945,,0,,wat,INN,197301,0,1966-06-29,1977-07-27,70,San Mateo,06081
USGS,11162500,PESCADERO C NR PESCADERO CA,ST,37.2607338,-122.3288125,F,NAD83, 67.43,.16,NAVD88,18050006,qw,00950,,0,,wat,INN,206706,0,1977-07-27,1977-07-27,1,San Mateo,06081
USGS,11162500,PESCADERO C NR PESCADERO CA,ST,37.2607338,-122.3288125,F,NAD83, 67.43,.16,NAVD88,18050006,qw,00955,,0,,wat,INN,151977,0,1966-09-29,1977-07-27,64,San Mateo,06081
USGS,11162500,PESCADERO C NR PESCADERO CA,ST,37.2607338,-122.3288125,F,NAD83, 67.43,.16,NAVD88,18050006,qw,01020,,0,,wat,IMN,150011,0,1977-07-27,1977-07-27,1,San Mateo,06081
USGS,11162500,PESCADERO C NR PESCADERO CA,ST,37.2607338,-122.3288125,F,NAD83, 67.43,.16,NAVD88,18050006,qw,01046,,0,,wat,IMM,149559,0,1977-07-27,1977-07-27,1,San Mateo,06081
USGS,11162500,PESCADERO C NR PESCADERO CA,ST,37.2607338,-122.3288125,F,NAD83, 67.43,.16,NAVD88,18050006,qw,04117,,0,,wat,INF,0,0,1992-12-11,1993-03-17,7,San Mateo,06081
USGS,11162500,PESCADERO C NR PESCADERO CA,ST,37.2607338,-122.3288125,F,NAD83, 67.43,.16,NAVD88,18050006,qw,04118,,0,,wat,INF,0,0,1992-12-11,1993-03-17,7,San Mateo,06081
USGS,11162500,PESCADERO C NR PESCADERO CA,ST,37.2607338,-122.3288125,F,NAD83, 67.43,.16,NAVD88,18050006,qw,04119,,0,,wat,INF,0,0,1992-12-11,1993-03-17,7,San Mateo,06081
USGS,11162500,PESCADERO C NR PESCADERO CA,ST,37.2607338,-122.3288125,F,NAD83, 67.43,.16,NAVD88,18050006,qw,04120,,0,,wat,INF,0,0,1992-12-11,1993-03-17,7,San Mateo,06081
USGS,11162500,PESCADERO C NR PESCADERO CA,ST,37.2607338,-122.3288125,F,NAD83, 67.43,.16,NAVD88,18050006,qw,04121,,0,,wat,INF,0,0,1992-12-11,1993-03-17,7,San Mateo,06081
USGS,11162500,PESCADERO C NR PESCADERO CA,ST,37.2607338,-122.3288125,F,NAD83, 67.43,.16,NAVD88,18050006,qw,04122,,0,,wat,SED,17136284,0,1992-12-11,1993-03-17,7,San Mateo,06081
USGS,11162500,PESCADERO C NR PESCADERO CA,ST,37.2607338,-122.3288125,F,NAD83, 67.43,.16,NAVD88,18050006,qw,30208,,0,,wat,PHY,0,0,1966-06-29,1977-07-27,76,San Mateo,06081
USGS,11162500,PESCADERO C NR PESCADERO CA,ST,37.2607338,-122.3288125,F,NAD83, 67.43,.16,NAVD88,18050006,qw,30209,,0,,sed,PHY,1645415,0,1985-10-16,1993-05-11,90,San Mateo,06081
USGS,11162500,PESCADERO C NR PESCADERO CA,ST,37.2607338,-122.3288125,F,NAD83, 67.43,.16,NAVD88,18050006,qw,30209,,0,,wat,PHY,1645415,0,1972-12-06,1993-05-11,69,San Mateo,06081
USGS,11162500,PESCADERO C NR PESCADERO CA,ST,37.2607338,-122.3288125,F,NAD83, 67.43,.16,NAVD88,18050006,qw,30333,,0,,wat,INF,0,0,1991-03-14,1993-03-17,9,San Mateo,06081
USGS,11162500,PESCADERO C NR PESCADERO CA,ST,37.2607338,-122.3288125,F,NAD83, 67.43,.16,NAVD88,18050006,qw,70299,,0,,wat,PHY,1642818,0,1977-07-27,1977-07-27,1,San Mateo,06081
USGS,11162500,PESCADERO C NR PESCADERO CA,ST,37.2607338,-122.3288125,F,NAD83, 67.43,.16,NAVD88,18050006,qw,70301,,0,,wat,PHY,1642222,0,1966-06-29,1977-07-27,70,San Mateo,06081
USGS,11162500,PESCADERO C NR PESCADERO CA,ST,37.2607338,-122.3288125,F,NAD83, 67.43,.16,NAVD88,18050006,qw,70302,,0,,wat,PHY,1642222,0,1966-06-29,1977-07-27,70,San Mateo,06081
USGS,11162500,PESCADERO C NR PESCADERO CA,ST,37.2607338,-122.3288125,F,NAD83, 67.43,.16,NAVD88,18050006,qw,70303,,0,,wat,PHY,1642222,0,1966-06-29,1977-07-27,70,San Mateo,06081
USGS,11162500,PESCADERO C NR PESCADERO CA,ST,37.2607338,-122.3288125,F,NAD83, 67.43,.16,NAVD88,18050006,qw,70331,,0,,wat,SED,17164666,0,1970-11-28,1993-03-17,36,San Mateo,06081
USGS,11162500,PESCADERO C NR PESCADERO CA,ST,37.2607338,-122.3288125,F,NAD83, 67.43,.16,NAVD88,18050006,qw,70332,,0,,wat,SED,17164666,0,1970-11-28,1993-02-19,18,San Mateo,06081
USGS,11162500,PESCADERO C NR PESCADERO CA,ST,37.2607338,-122.3288125,F,NAD83, 67.43,.16,NAVD88,18050006,qw,70333,,0,,wat,SED,17164666,0,1970-11-28,1993-02-19,17,San Mateo,06081
USGS,11162500,PESCADERO C NR PESCADERO CA,ST,37.2607338,-122.3288125,F,NAD83, 67.43,.16,NAVD88,18050006,qw,70334,,0,,wat,SED,17164666,0,1979-12-24,1993-02-19,12,San Mateo,06081
USGS,11162500,PESCADERO C NR PESCADERO CA,ST,37.2607338,-122.3288125,F,NAD83, 67.43,.16,NAVD88,18050006,qw,70335,,0,,wat,SED,17164666,0,1979-12-24,1993-02-19,7,San Mateo,06081
USGS,11162500,PESCADERO C NR PESCADERO CA,ST,37.2607338,-122.3288125,F,NAD83, 67.43,.16,NAVD88,18050006,qw,70336,,0,,wat,SED,17164666,0,1980-02-21,1993-01-14,2,San Mateo,06081
USGS,11162500,PESCADERO C NR PESCADERO CA,ST,37.2607338,-122.3288125,F,NAD83, 67.43,.16,NAVD88,18050006,qw,70337,,0,,wat,SED,17164666,0,1970-11-28,1992-02-12,12,San Mateo,06081
USGS,11162500,PESCADERO C NR PESCADERO CA,ST,37.2607338,-122.3288125,F,NAD83, 67.43,.16,NAVD88,18050006,qw,70338,,0,,wat,SED,17164666,0,1970-11-28,1992-02-12,16,San Mateo,06081
USGS,11162500,PESCADERO C NR PESCADERO CA,ST,37.2607338,-122.3288125,F,NAD83, 67.43,.16,NAVD88,18050006,qw,70339,,0,,wat,SED,17164666,0,1970-11-28,1992-02-12,16,San Mateo,06081
USGS,11162500,PESCADERO C NR PESCADERO CA,ST,37.2607338,-122.3288125,F,NAD83, 67.43,.16,NAVD88,18050006,qw,70340,,0,,wat,SED,17164666,0,1970-11-28,1992-02-12,16,San Mateo,06081
USGS,11162500,PESCADERO C NR PESCADERO CA,ST,37.2607338,-122.3288125,F,NAD83, 67.43,.16,NAVD88,18050006,qw,70341,,0,,wat,SED,17164666,0,1970-11-28,1992-02-12,16,San Mateo,06081
USGS,11162500,PESCADERO C NR PESCADERO CA,ST,37.2607338,-122.3288125,F,NAD83, 67.43,.16,NAVD88,18050006,qw,70342,,0,,wat,SED,17164666,0,1970-11-29,1980-02-19,6,San Mateo,06081
USGS,11162500,PESCADERO C NR PESCADERO CA,ST,37.2607338,-122.3288125,F,NAD83, 67.43,.16,NAVD88,18050006,qw,70343,,0,,wat,SED,17164666,0,1970-11-29,1980-02-19,6,San Mateo,06081
USGS,11162500,PESCADERO C NR PESCADERO CA,ST,37.2607338,-122.3288125,F,NAD83, 67.43,.16,NAVD88,18050006,qw,70344,,0,,wat,SED,17164666,0,1970-11-29,1980-02-19,6,San Mateo,06081
USGS,11162500,PESCADERO C NR PESCADERO CA,ST,37.2607338,-122.3288125,F,NAD83, 67.43,.16,NAVD88,18050006,qw,70345,,0,,wat,SED,17164666,0,1970-11-29,1980-02-19,6,San Mateo,06081
USGS,11162500,PESCADERO C NR PESCADERO CA,ST,37.2607338,-122.3288125,F,NAD83, 67.43,.16,NAVD88,18050006,qw,70346,,0,,wat,SED,17164666,0,1970-11-29,1980-02-19,4,San Mateo,06081
USGS,11162500,PESCADERO C NR PESCADERO CA,ST,37.2607338,-122.3288125,F,NAD83, 67.43,.16,NAVD88,18050006,qw,71887,,0,,wat,NUT,52450988,0,1977-07-27,1977-07-27,1,San Mateo,06081
USGS,11162500,PESCADERO C NR PESCADERO CA,ST,37.2607338,-122.3288125,F,NAD83, 67.43,.16,NAVD88,18050006,qw,80154,,0,,wat,SED,17164666,0,1970-11-12,1993-05-11,57,San Mateo,06081
USGS,11162500,PESCADERO C NR PESCADERO CA,ST,37.2607338,-122.3288125,F,NAD83, 67.43,.16,NAVD88,18050006,qw,80155,,0,,wat,SED,17164591,0,1970-11-12,1993-05-11,57,San Mateo,06081
USGS,11162500,PESCADERO C NR PESCADERO CA,ST,37.2607338,-122.3288125,F,NAD83, 67.43,.16,NAVD88,18050006,qw,80164,,0,,sed,SED,17136284,0,1985-10-16,1993-05-11,42,San Mateo,06081
USGS,11162500,PESCADERO C NR PESCADERO CA,ST,37.2607338,-122.3288125,F,NAD83, 67.43,.16,NAVD88,18050006,qw,80165,,0,,sed,SED,17136284,0,1985-10-16,1993-05-11,77,San Mateo,06081
USGS,11162500,PESCADERO C NR PESCADERO CA,ST,37.2607338,-122.3288125,F,NAD83, 67.43,.16,NAVD88,18050006,qw,80166,,0,,sed,SED,17136284,0,1985-10-16,1993-05-11,90,San Mateo,06081
USGS,11162500,PESCADERO C NR PESCADERO CA,ST,37.2607338,-122.3288125,F,NAD83, 67.43,.16,NAVD88,18050006,qw,80167,,0,,sed,SED,17136284,0,1985-10-16,1993-05-11,90,San Mateo,06081
USGS,11162500,PESCADERO C NR PESCADERO CA,ST,37.2607338,-122.3288125,F,NAD83, 67.43,.16,NAVD88,18050006,qw,80168,,0,,sed,SED,17136284,0,1985-10-16,1993-05-11,90,San Mateo,06081
USGS,11162500,PESCADERO C NR PESCADERO CA,ST,37.2607338,-122.3288125,F,NAD83, 67.43,.16,NAVD88,18050006,qw,80169,,0,,sed,SED,17136284,0,1985-10-16,1993-05-11,90,San Mateo,06081
USGS,11162500,PESCADERO C NR PESCADERO CA,ST,37.2607338,-122.3288125,F,NAD83, 67.43,.16,NAVD88,18050006,qw,80170,,0,,sed,SED,17136284,0,1985-10-16,1993-05-11,85,San Mateo,06081
USGS,11162500,PESCADERO C NR PESCADERO CA,ST,37.2607338,-122.3288125,F,NAD83, 67.43,.16,NAVD88,18050006,qw,80171,,0,,sed,SED,17136284,0,1985-10-16,1993-05-11,74,San Mateo,06081
USGS,11162500,PESCADERO C NR PESCADERO CA,ST,37.2607338,-122.3288125,F,NAD83, 67.43,.16,NAVD88,18050006,qw,80172,,0,,sed,SED,17136284,0,1985-10-16,1993-05-11,67,San Mateo,06081
USGS,11162500,PESCADERO C NR PESCADERO CA,ST,37.2607338,-122.3288125,F,NAD83, 67.43,.16,NAVD88,18050006,qw,80173,,0,,sed,SED,17136284,0,1985-10-16,1993-05-11,51,San Mateo,06081
USGS,11162500,PESCADERO C NR PESCADERO CA,ST,37.2607338,-122.3288125,F,NAD83, 67.43,.16,NAVD88,18050006,qw,80174,,0,,sed,SED,17136284,0,1985-10-16,1993-05-11,24,San Mateo,06081
USGS,11162500,PESCADERO C NR PESCADERO CA,ST,37.2607338,-122.3288125,F,NAD83, 67.43,.16,NAVD88,18050006,qw,80175,,0,,sed,SED,17136284,0,1992-11-18,1993-05-11,2,San Mateo,06081
USGS,11162500,PESCADERO C NR PESCADERO CA,ST,37.2607338,-122.3288125,F,NAD83, 67.43,.16,NAVD88,18050006,qw,80225,,0,,wat,SED,17136284,0,1985-10-16,1993-03-17,18,San Mateo,06081
USGS,11162500,PESCADERO C NR PESCADERO CA,ST,37.2607338,-122.3288125,F,NAD83, 67.43,.16,NAVD88,18050006,qw,80227,,0,,wat,SED,17136284,0,1986-02-15,1993-03-17,7,San Mateo,06081
USGS,11162500,PESCADERO C NR PESCADERO CA,ST,37.2607338,-122.3288125,F,NAD83, 67.43,.16,NAVD88,18050006,qw,80228,,0,,wat,SED,17136284,0,1986-02-15,1993-03-17,12,San Mateo,06081
USGS,11162500,PESCADERO C NR PESCADERO CA,ST,37.2607338,-122.3288125,F,NAD83, 67.43,.16,NAVD88,18050006,qw,80229,,0,,wat,SED,17136284,0,1986-02-15,1993-03-17,12,San Mateo,06081
USGS,11162500,PESCADERO C NR PESCADERO CA,ST,37.2607338,-122.3288125,F,NAD83, 67.43,.16,NAVD88,18050006,qw,80230,,0,,wat,SED,17136284,0,1986-02-15,1993-03-17,12,San Mateo,06081
USGS,11162500,PESCADERO C NR PESCADERO CA,ST,37.2607338,-122.3288125,F,NAD83, 67.43,.16,NAVD88,18050006,qw,80231,,0,,wat,SED,17136284,0,1986-02-15,1993-03-17,12,San Mateo,06081
USGS,11162500,PESCADERO C NR PESCADERO CA,ST,37.2607338,-122.3288125,F,NAD83, 67.43,.16,NAVD88,18050006,qw,80232,,0,,wat,SED,17136284,0,1986-02-15,1993-03-17,12,San Mateo,06081
USGS,11162500,PESCADERO C NR PESCADERO CA,ST,37.2607338,-122.3288125,F,NAD83, 67.43,.16,NAVD88,18050006,qw,80233,,0,,wat,SED,17136284,0,1986-02-15,1993-03-17,11,San Mateo,06081
USGS,11162500,PESCADERO C NR PESCADERO CA,ST,37.2607338,-122.3288125,F,NAD83, 67.43,.16,NAVD88,18050006,qw,80234,,0,,wat,SED,17136284,0,1986-02-15,1993-03-17,8,San Mateo,06081
USGS,11162500,PESCADERO C NR PESCADERO CA,ST,37.2607338,-122.3288125,F,NAD83, 67.43,.16,NAVD88,18050006,qw,80235,,0,,wat,SED,17136284,0,1986-02-15,1993-03-17,5,San Mateo,06081
USGS,11162500,PESCADERO C NR PESCADERO CA,ST,37.2607338,-122.3288125,F,NAD83, 67.43,.16,NAVD88,18050006,qw,80236,,0,,wat,SED,17136284,0,1993-03-17,1993-03-17,1,San Mateo,06081
USGS,11162500,PESCADERO C NR PESCADERO CA,ST,37.2607338,-122.3288125,F,NAD83, 67.43,.16,NAVD88,18050006,qw,82073,,0,,wat,INF,0,0,1991-03-14,1993-03-17,9,San Mateo,06081
USGS,11162500,PESCADERO C NR PESCADERO CA,ST,37.2607338,-122.3288125,F,NAD83, 67.43,.16,NAVD88,18050006,qw,82074,,0,,wat,INF,0,0,1991-03-14,1993-03-17,9,San Mateo,06081
USGS,11162500,PESCADERO C NR PESCADERO CA,ST,37.2607338,-122.3288125,F,NAD83, 67.43,.16,NAVD88,18050006,qw,82398,,0,,wat,INF,0,0,1991-03-14,1993-03-17,9,San Mateo,06081
USGS,11162500,PESCADERO C NR PESCADERO CA,ST,37.2607338,-122.3288125,F,NAD83, 67.43,.16,NAVD88,18050006,qw,84164,,0,,wat,INF,0,0,1991-03-14,1993-03-17,9,San Mateo,06081
USGS,11162500,PESCADERO C NR PESCADERO CA,ST,37.2607338,-122.3288125,F,NAD83, 67.43,.16,NAVD88,18050006,sv,,,0,,wat,,0,0,1951-04-19,2026-05-12,862,San Mateo,06081
USGS,11162500,PESCADERO C NR PESCADERO CA,ST,37.2607338,-122.3288125,F,NAD83, 67.43,.16,NAVD88,18050006,uv,00060,,14707,,wat,,1645423,0,1987-09-30,2026-06-10,14133,San Mateo,06081
USGS,11162500,PESCADERO C NR PESCADERO CA,ST,37.2607338,-122.3288125,F,NAD83, 67.43,.16,NAVD88,18050006,uv,00065,,14708,,wat,,17164583,0,2007-10-01,2026-06-10,6827,San Mateo,06081
USGS,11162500,PESCADERO C NR PESCADERO CA,ST,37.2607338,-122.3288125,F,NAD83, 67.43,.16,NAVD88,18050006,uv,63160,,346198,,wat,,1642503,0,2023-06-10,2026-06-10,1096,San Mateo,06081
USGS,11162540,BUTANO C NR PESCADERO CA,ST,37.233825,-122.3673389,5,NAD83,46.36,.16,NAVD88,18050006,ad,,,0,,wat,,0,0,2024,2025,2,San Mateo,06081
USGS,11162540,BUTANO C NR PESCADERO CA,ST,37.233825,-122.3673389,5,NAD83,46.36,.16,NAVD88,18050006,dv,00060,00003,8802,[(2)],wat,,1645423,0,1962-07-01,1974-10-07,4482,San Mateo,06081
USGS,11162540,BUTANO C NR PESCADERO CA,ST,37.233825,-122.3673389,5,NAD83,46.36,.16,NAVD88,18050006,dv,00060,00003,339226,,wat,,1645423,0,1962-07-01,2026-06-09,5265,San Mateo,06081
USGS,11162540,BUTANO C NR PESCADERO CA,ST,37.233825,-122.3673389,5,NAD83,46.36,.16,NAVD88,18050006,pk,,,0,,wat,,0,0,1961,2025-02-04,15,San Mateo,06081
USGS,11162540,BUTANO C NR PESCADERO CA,ST,37.233825,-122.3673389,5,NAD83,46.36,.16,NAVD88,18050006,qw,,,0,,wat,ALL,0,0,1970-11-12,1973-01-18,9,San Mateo,06081
USGS,11162540,BUTANO C NR PESCADERO CA,ST,37.233825,-122.3673389,5,NAD83,46.36,.16,NAVD88,18050006,qw,00010,,0,,wat,PHY,1645597,0,1970-11-28,1973-01-18,8,San Mateo,06081
USGS,11162540,BUTANO C NR PESCADERO CA,ST,37.233825,-122.3673389,5,NAD83,46.36,.16,NAVD88,18050006,qw,00060,,0,,wat,PHY,1645423,0,1970-11-12,1970-12-02,5,San Mateo,06081
USGS,11162540,BUTANO C NR PESCADERO CA,ST,37.233825,-122.3673389,5,NAD83,46.36,.16,NAVD88,18050006,qw,00061,,0,,wat,PHY,1645415,0,1972-12-06,1973-01-18,4,San Mateo,06081
USGS,11162540,BUTANO C NR PESCADERO CA,ST,37.233825,-122.3673389,5,NAD83,46.36,.16,NAVD88,18050006,qw,30208,,0,,wat,PHY,0,0,1970-11-12,1970-12-02,5,San Mateo,06081
USGS,11162540,BUTANO C NR PESCADERO CA,ST,37.233825,-122.3673389,5,NAD83,46.36,.16,NAVD88,18050006,qw,30209,,0,,wat,PHY,1645415,0,1972-12-06,1973-01-18,4,San Mateo,06081
USGS,11162540,BUTANO C NR PESCADERO CA,ST,37.233825,-122.3673389,5,NAD83,46.36,.16,NAVD88,18050006,qw,70337,,0,,wat,SED,17164666,0,1970-11-28,1973-01-18,5,San Mateo,06081
USGS,11162540,BUTANO C NR PESCADERO CA,ST,37.233825,-122.3673389,5,NAD83,46.36,.16,NAVD88,18050006,qw,70338,,0,,wat,SED,17164666,0,1970-11-28,1973-01-18,5,San Mateo,06081
USGS,11162540,BUTANO C NR PESCADERO CA,ST,37.233825,-122.3673389,5,NAD83,46.36,.16,NAVD88,18050006,qw,70339,,0,,wat,SED,17164666,0,1970-11-28,1973-01-18,5,San Mateo,06081
USGS,11162540,BUTANO C NR PESCADERO CA,ST,37.233825,-122.3673389,5,NAD83,46.36,.16,NAVD88,18050006,qw,70340,,0,,wat,SED,17164666,0,1970-11-28,1973-01-18,5,San Mateo,06081
USGS,11162540,BUTANO C NR PESCADERO CA,ST,37.233825,-122.3673389,5,NAD83,46.36,.16,NAVD88,18050006,qw,70341,,0,,wat,SED,17164666,0,1970-11-28,1973-01-18,5,San Mateo,06081
USGS,11162540,BUTANO C NR PESCADERO CA,ST,37.233825,-122.3673389,5,NAD83,46.36,.16,NAVD88,18050006,qw,70342,,0,,wat,SED,17164666,0,1970-11-28,1973-01-18,5,San Mateo,06081
USGS,11162540,BUTANO C NR PESCADERO CA,ST,37.233825,-122.3673389,5,NAD83,46.36,.16,NAVD88,18050006,qw,70343,,0,,wat,SED,17164666,0,1970-11-28,1973-01-18,5,San Mateo,06081
USGS,11162540,BUTANO C NR PESCADERO CA,ST,37.233825,-122.3673389,5,NAD83,46.36,.16,NAVD88,18050006,qw,70344,,0,,wat,SED,17164666,0,1970-11-28,1973-01-18,5,San Mateo,06081
USGS,11162540,BUTANO C NR PESCADERO CA,ST,37.233825,-122.3673389,5,NAD83,46.36,.16,NAVD88,18050006,qw,70345,,0,,wat,SED,17164666,0,1970-11-28,1973-01-18,5,San Mateo,06081
USGS,11162540,BUTANO C NR PESCADERO CA,ST,37.233825,-122.3673389,5,NAD83,46.36,.16,NAVD88,18050006,qw,70346,,0,,wat,SED,17164666,0,1973-01-16,1973-01-18,2,San Mateo,06081
USGS,11162540,BUTANO C NR PESCADERO CA,ST,37.233825,-122.3673389,5,NAD83,46.36,.16,NAVD88,18050006,qw,80154,,0,,wat,SED,17164666,0,1970-11-12,1973-01-18,9,San Mateo,06081
USGS,11162540,BUTANO C NR PESCADERO CA,ST,37.233825,-122.3673389,5,NAD83,46.36,.16,NAVD88,18050006,qw,80155,,0,,wat,SED,17164591,0,1970-11-12,1973-01-18,9,San Mateo,06081
USGS,11162540,BUTANO C NR PESCADERO CA,ST,37.233825,-122.3673389,5,NAD83,46.36,.16,NAVD88,18050006,sv,,,0,,wat,,0,0,1970-10-05,2026-05-12,73,San Mateo,06081
USGS,11162540,BUTANO C NR PESCADERO CA,ST,37.233825,-122.3673389,5,NAD83,46.36,.16,NAVD88,18050006,uv,00060,,339225,,wat,,1645423,0,2024-04-17,2026-06-10,784,San Mateo,06081
USGS,11162540,BUTANO C NR PESCADERO CA,ST,37.233825,-122.3673389,5,NAD83,46.36,.16,NAVD88,18050006,uv,00065,,338861,,wat,,17164583,0,2024-04-17,2026-06-10,784,San Mateo,06081
USGS,11162540,BUTANO C NR PESCADERO CA,ST,37.233825,-122.3673389,5,NAD83,46.36,.16,NAVD88,18050006,uv,63160,,346310,,wat,,1642503,0,2024-04-17,2026-06-10,784,San Mateo,06081
USGS,11162570,SAN GREGORIO C A SAN GREGORIO CA,ST,37.32573199,-122.3865927,S,NAD83, 13.50,.16,NAVD88,18050006,ad,,,0,,wat,,0,0,2005,2025,20,San Mateo,06081
USGS,11162570,SAN GREGORIO C A SAN GREGORIO CA,ST,37.32573199,-122.3865927,S,NAD83, 13.50,.16,NAVD88,18050006,dv,00060,00003,8803,,wat,,1645423,0,1969-10-01,2026-06-09,17664,San Mateo,06081
USGS,11162570,SAN GREGORIO C A SAN GREGORIO CA,ST,37.32573199,-122.3865927,S,NAD83, 13.50,.16,NAVD88,18050006,pk,,,0,,wat,,0,0,1955-12-22,2025-02-13,50,San Mateo,06081
USGS,11162570,SAN GREGORIO C A SAN GREGORIO CA,ST,37.32573199,-122.3865927,S,NAD83, 13.50,.16,NAVD88,18050006,qw,,,0,,wat,ALL,0,0,1967-05-10,1993-04-28,142,San Mateo,06081
USGS,11162570,SAN GREGORIO C A SAN GREGORIO CA,ST,37.32573199,-122.3865927,S,NAD83, 13.50,.16,NAVD88,18050006,qw,00004,,0,,wat,PHY,1645241,0,1985-10-16,1986-03-25,8,San Mateo,06081
USGS,11162570,SAN GREGORIO C A SAN GREGORIO CA,ST,37.32573199,-122.3865927,S,NAD83, 13.50,.16,NAVD88,18050006,qw,00009,,0,,wat,INF,0,0,1990-01-13,1993-03-18,12,San Mateo,06081
USGS,11162570,SAN GREGORIO C A SAN GREGORIO CA,ST,37.32573199,-122.3865927,S,NAD83, 13.50,.16,NAVD88,18050006,qw,00010,,0,,sed,PHY,1645597,0,1991-02-13,1991-04-18,15,San Mateo,06081
USGS,11162570,SAN GREGORIO C A SAN GREGORIO CA,ST,37.32573199,-122.3865927,S,NAD83, 13.50,.16,NAVD88,18050006,qw,00010,,0,,wat,PHY,1645597,0,1985-10-16,1993-04-28,125,San Mateo,06081
USGS,11162570,SAN GREGORIO C A SAN GREGORIO CA,ST,37.32573199,-122.3865927,S,NAD83, 13.50,.16,NAVD88,18050006,qw,00028,,0,,sed,INF,0,0,1991-02-13,1991-04-18,15,San Mateo,06081
USGS,11162570,SAN GREGORIO C A SAN GREGORIO CA,ST,37.32573199,-122.3865927,S,NAD83, 13.50,.16,NAVD88,18050006,qw,00028,,0,,wat,INF,0,0,1985-10-16,1993-04-28,125,San Mateo,06081
USGS,11162570,SAN GREGORIO C A SAN GREGORIO CA,ST,37.32573199,-122.3865927,S,NAD83, 13.50,.16,NAVD88,18050006,qw,00060,,0,,wat,PHY,1645423,0,1967-05-10,1967-09-14,2,San Mateo,06081
USGS,11162570,SAN GREGORIO C A SAN GREGORIO CA,ST,37.32573199,-122.3865927,S,NAD83, 13.50,.16,NAVD88,18050006,qw,00061,,0,,sed,PHY,1645415,0,1991-02-13,1991-04-18,15,San Mateo,06081
USGS,11162570,SAN GREGORIO C A SAN GREGORIO CA,ST,37.32573199,-122.3865927,S,NAD83, 13.50,.16,NAVD88,18050006,qw,00061,,0,,wat,PHY,1645415,0,1985-10-16,1993-04-28,125,San Mateo,06081
USGS,11162570,SAN GREGORIO C A SAN GREGORIO CA,ST,37.32573199,-122.3865927,S,NAD83, 13.50,.16,NAVD88,18050006,qw,00063,,0,,wat,INF,0,0,1985-10-16,1993-03-18,55,San Mateo,06081
USGS,11162570,SAN GREGORIO C A SAN GREGORIO CA,ST,37.32573199,-122.3865927,S,NAD83, 13.50,.16,NAVD88,18050006,qw,00095,,0,,wat,PHY,1646694,0,1967-05-10,1967-09-14,2,San Mateo,06081
USGS,11162570,SAN GREGORIO C A SAN GREGORIO CA,ST,37.32573199,-122.3865927,S,NAD83, 13.50,.16,NAVD88,18050006,qw,00410,,0,,wat,INN,1640192,0,1967-05-10,1967-09-14,2,San Mateo,06081
USGS,11162570,SAN GREGORIO C A SAN GREGORIO CA,ST,37.32573199,-122.3865927,S,NAD83, 13.50,.16,NAVD88,18050006,qw,00440,,0,,wat,INN,4788,0,1967-05-10,1967-09-14,2,San Mateo,06081
USGS,11162570,SAN GREGORIO C A SAN GREGORIO CA,ST,37.32573199,-122.3865927,S,NAD83, 13.50,.16,NAVD88,18050006,qw,00900,,0,,wat,PHY,1640416,0,1967-05-10,1967-09-14,2,San Mateo,06081
USGS,11162570,SAN GREGORIO C A SAN GREGORIO CA,ST,37.32573199,-122.3865927,S,NAD83, 13.50,.16,NAVD88,18050006,qw,00902,,0,,wat,PHY,1640432,0,1967-05-10,1967-09-14,2,San Mateo,06081
USGS,11162570,SAN GREGORIO C A SAN GREGORIO CA,ST,37.32573199,-122.3865927,S,NAD83, 13.50,.16,NAVD88,18050006,qw,00915,,0,,wat,INM,150268,0,1967-05-10,1967-09-14,2,San Mateo,06081
USGS,11162570,SAN GREGORIO C A SAN GREGORIO CA,ST,37.32573199,-122.3865927,S,NAD83, 13.50,.16,NAVD88,18050006,qw,00925,,0,,wat,INM,149617,0,1967-05-10,1967-09-14,2,San Mateo,06081
USGS,11162570,SAN GREGORIO C A SAN GREGORIO CA,ST,37.32573199,-122.3865927,S,NAD83, 13.50,.16,NAVD88,18050006,qw,00930,,0,,wat,INM,149856,0,1967-05-10,1967-09-14,2,San Mateo,06081
USGS,11162570,SAN GREGORIO C A SAN GREGORIO CA,ST,37.32573199,-122.3865927,S,NAD83, 13.50,.16,NAVD88,18050006,qw,00931,,0,,wat,INM,1640523,0,1967-05-10,1967-09-14,2,San Mateo,06081
USGS,11162570,SAN GREGORIO C A SAN GREGORIO CA,ST,37.32573199,-122.3865927,S,NAD83, 13.50,.16,NAVD88,18050006,qw,00932,,0,,wat,INM,1646660,0,1967-05-10,1967-09-14,2,San Mateo,06081
USGS,11162570,SAN GREGORIO C A SAN GREGORIO CA,ST,37.32573199,-122.3865927,S,NAD83, 13.50,.16,NAVD88,18050006,qw,00935,,0,,wat,INM,149740,0,1967-05-10,1967-09-14,2,San Mateo,06081
USGS,11162570,SAN GREGORIO C A SAN GREGORIO CA,ST,37.32573199,-122.3865927,S,NAD83, 13.50,.16,NAVD88,18050006,qw,00940,,0,,wat,INN,205955,0,1967-05-10,1967-09-14,2,San Mateo,06081
USGS,11162570,SAN GREGORIO C A SAN GREGORIO CA,ST,37.32573199,-122.3865927,S,NAD83, 13.50,.16,NAVD88,18050006,qw,00945,,0,,wat,INN,197301,0,1967-05-10,1967-09-14,2,San Mateo,06081
USGS,11162570,SAN GREGORIO C A SAN GREGORIO CA,ST,37.32573199,-122.3865927,S,NAD83, 13.50,.16,NAVD88,18050006,qw,00955,,0,,wat,INN,151977,0,1967-05-10,1967-09-14,2,San Mateo,06081
USGS,11162570,SAN GREGORIO C A SAN GREGORIO CA,ST,37.32573199,-122.3865927,S,NAD83, 13.50,.16,NAVD88,18050006,qw,04117,,0,,wat,INF,0,0,1991-12-30,1993-03-18,9,San Mateo,06081
USGS,11162570,SAN GREGORIO C A SAN GREGORIO CA,ST,37.32573199,-122.3865927,S,NAD83, 13.50,.16,NAVD88,18050006,qw,04118,,0,,wat,INF,0,0,1991-12-30,1993-03-18,9,San Mateo,06081
USGS,11162570,SAN GREGORIO C A SAN GREGORIO CA,ST,37.32573199,-122.3865927,S,NAD83, 13.50,.16,NAVD88,18050006,qw,04119,,0,,wat,INF,0,0,1991-12-30,1993-03-18,9,San Mateo,06081
USGS,11162570,SAN GREGORIO C A SAN GREGORIO CA,ST,37.32573199,-122.3865927,S,NAD83, 13.50,.16,NAVD88,18050006,qw,04120,,0,,wat,INF,0,0,1991-12-30,1993-03-18,9,San Mateo,06081
USGS,11162570,SAN GREGORIO C A SAN GREGORIO CA,ST,37.32573199,-122.3865927,S,NAD83, 13.50,.16,NAVD88,18050006,qw,04121,,0,,wat,INF,0,0,1991-12-30,1993-03-18,9,San Mateo,06081
USGS,11162570,SAN GREGORIO C A SAN GREGORIO CA,ST,37.32573199,-122.3865927,S,NAD83, 13.50,.16,NAVD88,18050006,qw,04122,,0,,wat,SED,17136284,0,1991-12-30,1993-03-18,9,San Mateo,06081
USGS,11162570,SAN GREGORIO C A SAN GREGORIO CA,ST,37.32573199,-122.3865927,S,NAD83, 13.50,.16,NAVD88,18050006,qw,30208,,0,,wat,PHY,0,0,1967-05-10,1967-09-14,2,San Mateo,06081
USGS,11162570,SAN GREGORIO C A SAN GREGORIO CA,ST,37.32573199,-122.3865927,S,NAD83, 13.50,.16,NAVD88,18050006,qw,30209,,0,,sed,PHY,1645415,0,1991-02-13,1991-04-18,15,San Mateo,06081
USGS,11162570,SAN GREGORIO C A SAN GREGORIO CA,ST,37.32573199,-122.3865927,S,NAD83, 13.50,.16,NAVD88,18050006,qw,30209,,0,,wat,PHY,1645415,0,1985-10-16,1993-04-28,125,San Mateo,06081
USGS,11162570,SAN GREGORIO C A SAN GREGORIO CA,ST,37.32573199,-122.3865927,S,NAD83, 13.50,.16,NAVD88,18050006,qw,30333,,0,,wat,INF,0,0,1990-01-13,1993-03-18,12,San Mateo,06081
USGS,11162570,SAN GREGORIO C A SAN GREGORIO CA,ST,37.32573199,-122.3865927,S,NAD83, 13.50,.16,NAVD88,18050006,qw,70301,,0,,wat,PHY,1642222,0,1967-05-10,1967-09-14,2,San Mateo,06081
USGS,11162570,SAN GREGORIO C A SAN GREGORIO CA,ST,37.32573199,-122.3865927,S,NAD83, 13.50,.16,NAVD88,18050006,qw,70302,,0,,wat,PHY,1642222,0,1967-05-10,1967-09-14,2,San Mateo,06081
USGS,11162570,SAN GREGORIO C A SAN GREGORIO CA,ST,37.32573199,-122.3865927,S,NAD83, 13.50,.16,NAVD88,18050006,qw,70303,,0,,wat,PHY,1642222,0,1967-05-10,1967-09-14,2,San Mateo,06081
USGS,11162570,SAN GREGORIO C A SAN GREGORIO CA,ST,37.32573199,-122.3865927,S,NAD83, 13.50,.16,NAVD88,18050006,qw,70331,,0,,sed,SED,17164666,0,1991-03-05,1991-04-18,3,San Mateo,06081
USGS,11162570,SAN GREGORIO C A SAN GREGORIO CA,ST,37.32573199,-122.3865927,S,NAD83, 13.50,.16,NAVD88,18050006,qw,70331,,0,,wat,SED,17164666,0,1986-01-06,1993-04-28,27,San Mateo,06081
USGS,11162570,SAN GREGORIO C A SAN GREGORIO CA,ST,37.32573199,-122.3865927,S,NAD83, 13.50,.16,NAVD88,18050006,qw,70332,,0,,sed,SED,17164666,0,1991-03-13,1991-03-13,1,San Mateo,06081
USGS,11162570,SAN GREGORIO C A SAN GREGORIO CA,ST,37.32573199,-122.3865927,S,NAD83, 13.50,.16,NAVD88,18050006,qw,70332,,0,,wat,SED,17164666,0,1986-02-20,1993-03-18,8,San Mateo,06081
USGS,11162570,SAN GREGORIO C A SAN GREGORIO CA,ST,37.32573199,-122.3865927,S,NAD83, 13.50,.16,NAVD88,18050006,qw,70333,,0,,wat,SED,17164666,0,1986-02-20,1993-03-18,8,San Mateo,06081
USGS,11162570,SAN GREGORIO C A SAN GREGORIO CA,ST,37.32573199,-122.3865927,S,NAD83, 13.50,.16,NAVD88,18050006,qw,70334,,0,,wat,SED,17164666,0,1986-02-20,1993-02-26,6,San Mateo,06081
USGS,11162570,SAN GREGORIO C A SAN GREGORIO CA,ST,37.32573199,-122.3865927,S,NAD83, 13.50,.16,NAVD88,18050006,qw,70335,,0,,wat,SED,17164666,0,1986-02-20,1993-02-26,4,San Mateo,06081
USGS,11162570,SAN GREGORIO C A SAN GREGORIO CA,ST,37.32573199,-122.3865927,S,NAD83, 13.50,.16,NAVD88,18050006,qw,70337,,0,,wat,SED,17164666,0,1986-02-20,1986-02-20,1,San Mateo,06081
USGS,11162570,SAN GREGORIO C A SAN GREGORIO CA,ST,37.32573199,-122.3865927,S,NAD83, 13.50,.16,NAVD88,18050006,qw,70338,,0,,wat,SED,17164666,0,1986-02-20,1986-02-20,1,San Mateo,06081
USGS,11162570,SAN GREGORIO C A SAN GREGORIO CA,ST,37.32573199,-122.3865927,S,NAD83, 13.50,.16,NAVD88,18050006,qw,70339,,0,,wat,SED,17164666,0,1986-02-20,1986-02-20,1,San Mateo,06081
USGS,11162570,SAN GREGORIO C A SAN GREGORIO CA,ST,37.32573199,-122.3865927,S,NAD83, 13.50,.16,NAVD88,18050006,qw,70340,,0,,wat,SED,17164666,0,1986-02-20,1986-02-20,1,San Mateo,06081
USGS,11162570,SAN GREGORIO C A SAN GREGORIO CA,ST,37.32573199,-122.3865927,S,NAD83, 13.50,.16,NAVD88,18050006,qw,70341,,0,,wat,SED,17164666,0,1986-02-20,1986-02-20,1,San Mateo,06081
USGS,11162570,SAN GREGORIO C A SAN GREGORIO CA,ST,37.32573199,-122.3865927,S,NAD83, 13.50,.16,NAVD88,18050006,qw,80154,,0,,sed,SED,17164666,0,1991-02-13,1991-04-18,4,San Mateo,06081
USGS,11162570,SAN GREGORIO C A SAN GREGORIO CA,ST,37.32573199,-122.3865927,S,NAD83, 13.50,.16,NAVD88,18050006,qw,80154,,0,,wat,SED,17164666,0,1985-10-16,1993-04-28,40,San Mateo,06081
USGS,11162570,SAN GREGORIO C A SAN GREGORIO CA,ST,37.32573199,-122.3865927,S,NAD83, 13.50,.16,NAVD88,18050006,qw,80155,,0,,sed,SED,17164591,0,1991-02-13,1991-04-18,4,San Mateo,06081
USGS,11162570,SAN GREGORIO C A SAN GREGORIO CA,ST,37.32573199,-122.3865927,S,NAD83, 13.50,.16,NAVD88,18050006,qw,80155,,0,,wat,SED,17164591,0,1985-10-16,1993-04-28,40,San Mateo,06081
USGS,11162570,SAN GREGORIO C A SAN GREGORIO CA,ST,37.32573199,-122.3865927,S,NAD83, 13.50,.16,NAVD88,18050006,qw,80164,,0,,sed,SED,17136284,0,1991-03-13,1991-04-18,7,San Mateo,06081
USGS,11162570,SAN GREGORIO C A SAN GREGORIO CA,ST,37.32573199,-122.3865927,S,NAD83, 13.50,.16,NAVD88,18050006,qw,80164,,0,,wat,SED,17136284,0,1985-10-16,1993-03-18,43,San Mateo,06081
USGS,11162570,SAN GREGORIO C A SAN GREGORIO CA,ST,37.32573199,-122.3865927,S,NAD83, 13.50,.16,NAVD88,18050006,qw,80165,,0,,sed,SED,17136284,0,1991-03-13,1991-04-18,10,San Mateo,06081
USGS,11162570,SAN GREGORIO C A SAN GREGORIO CA,ST,37.32573199,-122.3865927,S,NAD83, 13.50,.16,NAVD88,18050006,qw,80165,,0,,wat,SED,17136284,0,1985-10-16,1993-03-18,57,San Mateo,06081
USGS,11162570,SAN GREGORIO C A SAN GREGORIO CA,ST,37.32573199,-122.3865927,S,NAD83, 13.50,.16,NAVD88,18050006,qw,80166,,0,,sed,SED,17136284,0,1991-03-13,1991-04-18,10,San Mateo,06081
USGS,11162570,SAN GREGORIO C A SAN GREGORIO CA,ST,37.32573199,-122.3865927,S,NAD83, 13.50,.16,NAVD88,18050006,qw,80166,,0,,wat,SED,17136284,0,1985-10-16,1993-03-18,61,San Mateo,06081
USGS,11162570,SAN GREGORIO C A SAN GREGORIO CA,ST,37.32573199,-122.3865927,S,NAD83, 13.50,.16,NAVD88,18050006,qw,80167,,0,,sed,SED,17136284,0,1991-03-13,1991-04-18,11,San Mateo,06081
USGS,11162570,SAN GREGORIO C A SAN GREGORIO CA,ST,37.32573199,-122.3865927,S,NAD83, 13.50,.16,NAVD88,18050006,qw,80167,,0,,wat,SED,17136284,0,1985-10-16,1993-03-18,62,San Mateo,06081
USGS,11162570,SAN GREGORIO C A SAN GREGORIO CA,ST,37.32573199,-122.3865927,S,NAD83, 13.50,.16,NAVD88,18050006,qw,80168,,0,,sed,SED,17136284,0,1991-03-13,1991-04-18,11,San Mateo,06081
USGS,11162570,SAN GREGORIO C A SAN GREGORIO CA,ST,37.32573199,-122.3865927,S,NAD83, 13.50,.16,NAVD88,18050006,qw,80168,,0,,wat,SED,17136284,0,1985-10-16,1993-03-18,64,San Mateo,06081
USGS,11162570,SAN GREGORIO C A SAN GREGORIO CA,ST,37.32573199,-122.3865927,S,NAD83, 13.50,.16,NAVD88,18050006,qw,80169,,0,,sed,SED,17136284,0,1991-03-13,1991-04-18,11,San Mateo,06081
USGS,11162570,SAN GREGORIO C A SAN GREGORIO CA,ST,37.32573199,-122.3865927,S,NAD83, 13.50,.16,NAVD88,18050006,qw,80169,,0,,wat,SED,17136284,0,1985-10-16,1993-03-18,65,San Mateo,06081
USGS,11162570,SAN GREGORIO C A SAN GREGORIO CA,ST,37.32573199,-122.3865927,S,NAD83, 13.50,.16,NAVD88,18050006,qw,80170,,0,,sed,SED,17136284,0,1991-03-13,1991-04-18,11,San Mateo,06081
USGS,11162570,SAN GREGORIO C A SAN GREGORIO CA,ST,37.32573199,-122.3865927,S,NAD83, 13.50,.16,NAVD88,18050006,qw,80170,,0,,wat,SED,17136284,0,1985-10-16,1993-03-18,65,San Mateo,06081
USGS,11162570,SAN GREGORIO C A SAN GREGORIO CA,ST,37.32573199,-122.3865927,S,NAD83, 13.50,.16,NAVD88,18050006,qw,80171,,0,,sed,SED,17136284,0,1991-03-13,1991-04-18,11,San Mateo,06081
USGS,11162570,SAN GREGORIO C A SAN GREGORIO CA,ST,37.32573199,-122.3865927,S,NAD83, 13.50,.16,NAVD88,18050006,qw,80171,,0,,wat,SED,17136284,0,1985-10-16,1993-03-18,63,San Mateo,06081
USGS,11162570,SAN GREGORIO C A SAN GREGORIO CA,ST,37.32573199,-122.3865927,S,NAD83, 13.50,.16,NAVD88,18050006,qw,80172,,0,,sed,SED,17136284,0,1991-03-13,1991-04-18,11,San Mateo,06081
USGS,11162570,SAN GREGORIO C A SAN GREGORIO CA,ST,37.32573199,-122.3865927,S,NAD83, 13.50,.16,NAVD88,18050006,qw,80172,,0,,wat,SED,17136284,0,1985-10-16,1993-03-18,62,San Mateo,06081
USGS,11162570,SAN GREGORIO C A SAN GREGORIO CA,ST,37.32573199,-122.3865927,S,NAD83, 13.50,.16,NAVD88,18050006,qw,80173,,0,,sed,SED,17136284,0,1991-03-13,1991-04-18,11,San Mateo,06081
USGS,11162570,SAN GREGORIO C A SAN GREGORIO CA,ST,37.32573199,-122.3865927,S,NAD83, 13.50,.16,NAVD88,18050006,qw,80173,,0,,wat,SED,17136284,0,1985-10-16,1993-03-18,58,San Mateo,06081
USGS,11162570,SAN GREGORIO C A SAN GREGORIO CA,ST,37.32573199,-122.3865927,S,NAD83, 13.50,.16,NAVD88,18050006,qw,80174,,0,,sed,SED,17136284,0,1991-03-13,1991-04-18,8,San Mateo,06081
USGS,11162570,SAN GREGORIO C A SAN GREGORIO CA,ST,37.32573199,-122.3865927,S,NAD83, 13.50,.16,NAVD88,18050006,qw,80174,,0,,wat,SED,17136284,0,1985-10-16,1993-03-18,27,San Mateo,06081
USGS,11162570,SAN GREGORIO C A SAN GREGORIO CA,ST,37.32573199,-122.3865927,S,NAD83, 13.50,.16,NAVD88,18050006,qw,80225,,0,,wat,SED,17136284,0,1985-10-16,1993-03-18,20,San Mateo,06081
USGS,11162570,SAN GREGORIO C A SAN GREGORIO CA,ST,37.32573199,-122.3865927,S,NAD83, 13.50,.16,NAVD88,18050006,qw,80226,,0,,wat,SED,17136284,0,1990-01-13,1993-03-18,7,San Mateo,06081
USGS,11162570,SAN GREGORIO C A SAN GREGORIO CA,ST,37.32573199,-122.3865927,S,NAD83, 13.50,.16,NAVD88,18050006,qw,80227,,0,,wat,SED,17136284,0,1990-01-13,1993-03-18,10,San Mateo,06081
USGS,11162570,SAN GREGORIO C A SAN GREGORIO CA,ST,37.32573199,-122.3865927,S,NAD83, 13.50,.16,NAVD88,18050006,qw,80228,,0,,wat,SED,17136284,0,1986-02-01,1993-03-18,15,San Mateo,06081
USGS,11162570,SAN GREGORIO C A SAN GREGORIO CA,ST,37.32573199,-122.3865927,S,NAD83, 13.50,.16,NAVD88,18050006,qw,80229,,0,,wat,SED,17136284,0,1986-02-01,1993-03-18,15,San Mateo,06081
USGS,11162570,SAN GREGORIO C A SAN GREGORIO CA,ST,37.32573199,-122.3865927,S,NAD83, 13.50,.16,NAVD88,18050006,qw,80230,,0,,wat,SED,17136284,0,1986-02-01,1993-03-18,15,San Mateo,06081
USGS,11162570,SAN GREGORIO C A SAN GREGORIO CA,ST,37.32573199,-122.3865927,S,NAD83, 13.50,.16,NAVD88,18050006,qw,80231,,0,,wat,SED,17136284,0,1986-02-01,1993-03-18,14,San Mateo,06081
USGS,11162570,SAN GREGORIO C A SAN GREGORIO CA,ST,37.32573199,-122.3865927,S,NAD83, 13.50,.16,NAVD88,18050006,qw,80232,,0,,wat,SED,17136284,0,1986-02-01,1993-03-18,14,San Mateo,06081
USGS,11162570,SAN GREGORIO C A SAN GREGORIO CA,ST,37.32573199,-122.3865927,S,NAD83, 13.50,.16,NAVD88,18050006,qw,80233,,0,,wat,SED,17136284,0,1986-02-01,1993-03-18,14,San Mateo,06081
USGS,11162570,SAN GREGORIO C A SAN GREGORIO CA,ST,37.32573199,-122.3865927,S,NAD83, 13.50,.16,NAVD88,18050006,qw,80234,,0,,wat,SED,17136284,0,1986-02-01,1993-03-18,8,San Mateo,06081
USGS,11162570,SAN GREGORIO C A SAN GREGORIO CA,ST,37.32573199,-122.3865927,S,NAD83, 13.50,.16,NAVD88,18050006,qw,80235,,0,,wat,SED,17136284,0,1986-02-01,1993-02-26,6,San Mateo,06081
USGS,11162570,SAN GREGORIO C A SAN GREGORIO CA,ST,37.32573199,-122.3865927,S,NAD83, 13.50,.16,NAVD88,18050006,qw,82073,,0,,wat,INF,0,0,1990-01-13,1993-03-18,12,San Mateo,06081
USGS,11162570,SAN GREGORIO C A SAN GREGORIO CA,ST,37.32573199,-122.3865927,S,NAD83, 13.50,.16,NAVD88,18050006,qw,82074,,0,,wat,INF,0,0,1990-01-13,1993-03-18,12,San Mateo,06081
USGS,11162570,SAN GREGORIO C A SAN GREGORIO CA,ST,37.32573199,-122.3865927,S,NAD83, 13.50,.16,NAVD88,18050006,qw,82398,,0,,wat,INF,0,0,1990-01-13,1993-03-18,12,San Mateo,06081
USGS,11162570,SAN GREGORIO C A SAN GREGORIO CA,ST,37.32573199,-122.3865927,S,NAD83, 13.50,.16,NAVD88,18050006,qw,84164,,0,,wat,INF,0,0,1990-01-13,1993-03-18,12,San Mateo,06081
USGS,11162570,SAN GREGORIO C A SAN GREGORIO CA,ST,37.32573199,-122.3865927,S,NAD83, 13.50,.16,NAVD88,18050006,sv,,,0,,wat,,0,0,1969-10-27,2026-05-12,606,San Mateo,06081
USGS,11162570,SAN GREGORIO C A SAN GREGORIO CA,ST,37.32573199,-122.3865927,S,NAD83, 13.50,.16,NAVD88,18050006,uv,00060,,14712,,wat,,1645423,0,1987-10-01,2026-06-10,14132,San Mateo,06081
USGS,11162570,SAN GREGORIO C A SAN GREGORIO CA,ST,37.32573199,-122.3865927,S,NAD83, 13.50,.16,NAVD88,18050006,uv,00065,,14713,,wat,,17164583,0,2007-10-01,2026-06-10,6827,San Mateo,06081
USGS,11162570,SAN GREGORIO C A SAN GREGORIO CA,ST,37.32573199,-122.3865927,S,NAD83, 13.50,.16,NAVD88,18050006,uv,63160,,345624,,wat,,1642503,0,2023-06-10,2026-06-10,1096,San Mateo,06081
USGS,11162600,PURISIMA C NR HALF MOON BAY CA,ST,37.43494048,-122.3741392,F,NAD83,,,,18050006,dv,00060,00003,8804,,wat,,1645423,0,1958-10-01,1969-10-03,4021,San Mateo,06081
USGS,11162600,PURISIMA C NR HALF MOON BAY CA,ST,37.43494048,-122.3741392,F,NAD83,,,,18050006,pk,,,0,,wat,,0,0,1959-09-18,1969-01-26,11,San Mateo,06081
USGS,11162600,PURISIMA C NR HALF MOON BAY CA,ST,37.43494048,-122.3741392,F,NAD83,,,,18050006,qw,,,0,,wat,ALL,0,0,1977-08-29,2015-09-02,2,San Mateo,06081
USGS,11162600,PURISIMA C NR HALF MOON BAY CA,ST,37.43494048,-122.3741392,F,NAD83,,,,18050006,qw,00004,,0,,wat,PHY,1645241,0,2015-09-02,2015-09-02,1,San Mateo,06081
USGS,11162600,PURISIMA C NR HALF MOON BAY CA,ST,37.43494048,-122.3741392,F,NAD83,,,,18050006,qw,00010,,0,,wat,PHY,1645597,0,1977-08-29,2015-09-02,2,San Mateo,06081
USGS,11162600,PURISIMA C NR HALF MOON BAY CA,ST,37.43494048,-122.3741392,F,NAD83,,,,18050006,qw,00061,,0,,wat,PHY,1645415,0,1977-08-29,1977-08-29,1,San Mateo,06081
USGS,11162600,PURISIMA C NR HALF MOON BAY CA,ST,37.43494048,-122.3741392,F,NAD83,,,,18050006,qw,00063,,0,,wat,INF,0,0,2015-09-02,2015-09-02,1,San Mateo,06081
USGS,11162600,PURISIMA C NR HALF MOON BAY CA,ST,37.43494048,-122.3741392,F,NAD83,,,,18050006,qw,00095,,0,,wat,PHY,1646694,0,1977-08-29,2015-09-02,2,San Mateo,06081
USGS,11162600,PURISIMA C NR HALF MOON BAY CA,ST,37.43494048,-122.3741392,F,NAD83,,,,18050006,qw,00191,,0,,wat,INN,1640572,0,1977-08-29,1977-08-29,1,San Mateo,06081
USGS,11162600,PURISIMA C NR HALF MOON BAY CA,ST,37.43494048,-122.3741392,F,NAD83,,,,18050006,qw,00300,,0,,wat,INN,154302,0,1977-08-29,1977-08-29,1,San Mateo,06081
USGS,11162600,PURISIMA C NR HALF MOON BAY CA,ST,37.43494048,-122.3741392,F,NAD83,,,,18050006,qw,00400,,0,,wat,PHY,17028275,0,1977-08-29,1977-08-29,1,San Mateo,06081
USGS,11162600,PURISIMA C NR HALF MOON BAY CA,ST,37.43494048,-122.3741392,F,NAD83,,,,18050006,qw,00405,,0,,wat,INN,33548,0,1977-08-29,1977-08-29,1,San Mateo,06081
USGS,11162600,PURISIMA C NR HALF MOON BAY CA,ST,37.43494048,-122.3741392,F,NAD83,,,,18050006,qw,00410,,0,,wat,INN,1640192,0,1977-08-29,1977-08-29,1,San Mateo,06081
USGS,11162600,PURISIMA C NR HALF MOON BAY CA,ST,37.43494048,-122.3741392,F,NAD83,,,,18050006,qw,00440,,0,,wat,INN,4788,0,1977-08-29,1977-08-29,1,San Mateo,06081
USGS,11162600,PURISIMA C NR HALF MOON BAY CA,ST,37.43494048,-122.3741392,F,NAD83,,,,18050006,qw,00445,,0,,wat,INN,119396,0,1977-08-29,1977-08-29,1,San Mateo,06081
USGS,11162600,PURISIMA C NR HALF MOON BAY CA,ST,37.43494048,-122.3741392,F,NAD83,,,,18050006,qw,00631,,0,,wat,NUT,701177,0,1977-08-29,1977-08-29,1,San Mateo,06081
USGS,11162600,PURISIMA C NR HALF MOON BAY CA,ST,37.43494048,-122.3741392,F,NAD83,,,,18050006,qw,00900,,0,,wat,PHY,1640416,0,1977-08-29,1977-08-29,1,San Mateo,06081
USGS,11162600,PURISIMA C NR HALF MOON BAY CA,ST,37.43494048,-122.3741392,F,NAD83,,,,18050006,qw,00902,,0,,wat,PHY,1640432,0,1977-08-29,1977-08-29,1,San Mateo,06081
USGS,11162600,PURISIMA C NR HALF MOON BAY CA,ST,37.43494048,-122.3741392,F,NAD83,,,,18050006,qw,00915,,0,,wat,INM,150268,0,1977-08-29,1977-08-29,1,San Mateo,06081
USGS,11162600,PURISIMA C NR HALF MOON BAY CA,ST,37.43494048,-122.3741392,F,NAD83,,,,18050006,qw,00925,,0,,wat,INM,149617,0,1977-08-29,1977-08-29,1,San Mateo,06081
USGS,11162600,PURISIMA C NR HALF MOON BAY CA,ST,37.43494048,-122.3741392,F,NAD83,,,,18050006,qw,00930,,0,,wat,INM,149856,0,1977-08-29,1977-08-29,1,San Mateo,06081
USGS,11162600,PURISIMA C NR HALF MOON BAY CA,ST,37.43494048,-122.3741392,F,NAD83,,,,18050006,qw,00931,,0,,wat,INM,1640523,0,1977-08-29,1977-08-29,1,San Mateo,06081
USGS,11162600,PURISIMA C NR HALF MOON BAY CA,ST,37.43494048,-122.3741392,F,NAD83,,,,18050006,qw,00932,,0,,wat,INM,1646660,0,1977-08-29,1977-08-29,1,San Mateo,06081
USGS,11162600,PURISIMA C NR HALF MOON BAY CA,ST,37.43494048,-122.3741392,F,NAD83,,,,18050006,qw,00935,,0,,wat,INM,149740,0,1977-08-29,1977-08-29,1,San Mateo,06081
USGS,11162600,PURISIMA C NR HALF MOON BAY CA,ST,37.43494048,-122.3741392,F,NAD83,,,,18050006,qw,00940,,0,,wat,INN,205955,0,1977-08-29,1977-08-29,1,San Mateo,06081
USGS,11162600,PURISIMA C NR HALF MOON BAY CA,ST,37.43494048,-122.3741392,F,NAD83,,,,18050006,qw,00945,,0,,wat,INN,197301,0,1977-08-29,1977-08-29,1,San Mateo,06081
USGS,11162600,PURISIMA C NR HALF MOON BAY CA,ST,37.43494048,-122.3741392,F,NAD83,,,,18050006,qw,00950,,0,,wat,INN,206706,0,1977-08-29,1977-08-29,1,San Mateo,06081
USGS,11162600,PURISIMA C NR HALF MOON BAY CA,ST,37.43494048,-122.3741392,F,NAD83,,,,18050006,qw,00955,,0,,wat,INN,151977,0,1977-08-29,1977-08-29,1,San Mateo,06081
USGS,11162600,PURISIMA C NR HALF MOON BAY CA,ST,37.43494048,-122.3741392,F,NAD83,,,,18050006,qw,01020,,0,,wat,IMN,150011,0,1977-08-29,1977-08-29,1,San Mateo,06081
USGS,11162600,PURISIMA C NR HALF MOON BAY CA,ST,37.43494048,-122.3741392,F,NAD83,,,,18050006,qw,01046,,0,,wat,IMM,149559,0,1977-08-29,1977-08-29,1,San Mateo,06081
USGS,11162600,PURISIMA C NR HALF MOON BAY CA,ST,37.43494048,-122.3741392,F,NAD83,,,,18050006,qw,30209,,0,,wat,PHY,1645415,0,1977-08-29,1977-08-29,1,San Mateo,06081
USGS,11162600,PURISIMA C NR HALF MOON BAY CA,ST,37.43494048,-122.3741392,F,NAD83,,,,18050006,qw,50280,,0,,wat,INF,0,0,2015-09-02,2015-09-02,1,San Mateo,06081
USGS,11162600,PURISIMA C NR HALF MOON BAY CA,ST,37.43494048,-122.3741392,F,NAD83,,,,18050006,qw,70301,,0,,wat,PHY,1642222,0,1977-08-29,1977-08-29,1,San Mateo,06081
USGS,11162600,PURISIMA C NR HALF MOON BAY CA,ST,37.43494048,-122.3741392,F,NAD83,,,,18050006,qw,70302,,0,,wat,PHY,1642222,0,1977-08-29,1977-08-29,1,San Mateo,06081
USGS,11162600,PURISIMA C NR HALF MOON BAY CA,ST,37.43494048,-122.3741392,F,NAD83,,,,18050006,qw,70303,,0,,wat,PHY,1642222,0,1977-08-29,1977-08-29,1,San Mateo,06081
USGS,11162600,PURISIMA C NR HALF MOON BAY CA,ST,37.43494048,-122.3741392,F,NAD83,,,,18050006,qw,71999,,0,,wat,INF,0,0,2015-09-02,2015-09-02,1,San Mateo,06081
USGS,11162600,PURISIMA C NR HALF MOON BAY CA,ST,37.43494048,-122.3741392,F,NAD83,,,,18050006,qw,82398,,0,,wat,INF,0,0,2015-09-02,2015-09-02,1,San Mateo,06081
USGS,11162600,PURISIMA C NR HALF MOON BAY CA,ST,37.43494048,-122.3741392,F,NAD83,,,,18050006,qw,99111,,0,,wat,INF,0,0,2015-09-02,2015-09-02,1,San Mateo,06081
USGS,11162600,PURISIMA C NR HALF MOON BAY CA,ST,37.43494048,-122.3741392,F,NAD83,,,,18050006,sv,,,0,,wat,,0,0,2015-09-02,2021-09-02,2,San Mateo,06081
USGS,111626182,PILARCITOS C BL SPILLWAY NR HILLSBOROUGH CA,ST,37.54769444,-122.4208889,5,NAD83,613.50,.16,NAVD88,18050006,ad,,,0,,wat,,0,0,2022,2025,4,San Mateo,06081
USGS,111626182,PILARCITOS C BL SPILLWAY NR HILLSBOROUGH CA,ST,37.54769444,-122.4208889,5,NAD83,613.50,.16,NAVD88,18050006,dv,00060,00003,311703,,wat,,1645423,0,2022-03-02,2026-06-09,1561,San Mateo,06081
USGS,111626182,PILARCITOS C BL SPILLWAY NR HILLSBOROUGH CA,ST,37.54769444,-122.4208889,5,NAD83,613.50,.16,NAVD88,18050006,pk,,,0,,wat,,0,0,2022-08-11,2025-02-05,4,San Mateo,06081
USGS,111626182,PILARCITOS C BL SPILLWAY NR HILLSBOROUGH CA,ST,37.54769444,-122.4208889,5,NAD83,613.50,.16,NAVD88,18050006,sv,,,0,,wat,,0,0,2017-01-09,2026-06-01,48,San Mateo,06081
USGS,111626182,PILARCITOS C BL SPILLWAY NR HILLSBOROUGH CA,ST,37.54769444,-122.4208889,5,NAD83,613.50,.16,NAVD88,18050006,uv,00060,,311701,,wat,,1645423,0,2022-03-01,2026-06-10,1562,San Mateo,06081
USGS,111626182,PILARCITOS C BL SPILLWAY NR HILLSBOROUGH CA,ST,37.54769444,-122.4208889,5,NAD83,613.50,.16,NAVD88,18050006,uv,00065,,311700,,wat,,17164583,0,2022-03-01,2026-06-10,1562,San Mateo,06081
USGS,111626182,PILARCITOS C BL SPILLWAY NR HILLSBOROUGH CA,ST,37.54769444,-122.4208889,5,NAD83,613.50,.16,NAVD88,18050006,uv,63160,,345552,,wat,,1642503,0,2023-06-10,2026-06-10,1096,San Mateo,06081
USGS,11162619,PILARCITOS C AB STONE DAM NR HILLSBOROUGH CA,ST,37.52813889,-122.4000833,5,NAD83,528.77,.16,NAVD88,18050006,ad,,,0,,wat,,0,0,2022,2025,4,San Mateo,06081
USGS,11162619,PILARCITOS C AB STONE DAM NR HILLSBOROUGH CA,ST,37.52813889,-122.4000833,5,NAD83,528.77,.16,NAVD88,18050006,dv,00060,00003,311704,,wat,,1645423,0,2022-03-01,2026-06-09,1562,San Mateo,06081
USGS,11162619,PILARCITOS C AB STONE DAM NR HILLSBOROUGH CA,ST,37.52813889,-122.4000833,5,NAD83,528.77,.16,NAVD88,18050006,pk,,,0,,wat,,0,0,2022-04-14,2025-02-04,4,San Mateo,06081
USGS,11162619,PILARCITOS C AB STONE DAM NR HILLSBOROUGH CA,ST,37.52813889,-122.4000833,5,NAD83,528.77,.16,NAVD88,18050006,sv,,,0,,wat,,0,0,2016-03-13,2026-06-01,47,San Mateo,06081
USGS,11162619,PILARCITOS C AB STONE DAM NR HILLSBOROUGH CA,ST,37.52813889,-122.4000833,5,NAD83,528.77,.16,NAVD88,18050006,uv,00060,,311690,,wat,,1645423,0,2022-02-28,2026-06-10,1563,San Mateo,06081
USGS,11162619,PILARCITOS C AB STONE DAM NR HILLSBOROUGH CA,ST,37.52813889,-122.4000833,5,NAD83,528.77,.16,NAVD88,18050006,uv,00065,,311681,,wat,,17164583,0,2022-02-28,2026-06-10,1563,San Mateo,06081
USGS,11162619,PILARCITOS C AB STONE DAM NR HILLSBOROUGH CA,ST,37.52813889,-122.4000833,5,NAD83,528.77,.16,NAVD88,18050006,uv,63160,,346224,,wat,,1642503,0,2023-06-10,2026-06-10,1096,San Mateo,06081
USGS,11162620,PILARCITOS C BL STONE DAM NR HILLSBOROUGH CA,ST,37.52461674,-122.3993735,S,NAD83,459.45,.16,NAVD88,18050006,ad,,,0,,wat,,0,0,2005,2025,21,San Mateo,06081
USGS,11162620,PILARCITOS C BL STONE DAM NR HILLSBOROUGH CA,ST,37.52461674,-122.3993735,S,NAD83,459.45,.16,NAVD88,18050006,dv,00010,00001,329777,,wat,,1645597,0,2008-09-30,2023-07-04,5388,San Mateo,06081
USGS,11162620,PILARCITOS C BL STONE DAM NR HILLSBOROUGH CA,ST,37.52461674,-122.3993735,S,NAD83,459.45,.16,NAVD88,18050006,dv,00010,00002,329776,,wat,,1645597,0,2022-11-15,2023-07-04,232,San Mateo,06081
USGS,11162620,PILARCITOS C BL STONE DAM NR HILLSBOROUGH CA,ST,37.52461674,-122.3993735,S,NAD83,459.45,.16,NAVD88,18050006,dv,00010,00003,329778,,wat,,1645597,0,2022-11-15,2023-07-04,232,San Mateo,06081
USGS,11162620,PILARCITOS C BL STONE DAM NR HILLSBOROUGH CA,ST,37.52461674,-122.3993735,S,NAD83,459.45,.16,NAVD88,18050006,dv,00010,00008,8811,,wat,,1645597,0,2010-10-01,2016-09-30,2192,San Mateo,06081
USGS,11162620,PILARCITOS C BL STONE DAM NR HILLSBOROUGH CA,ST,37.52461674,-122.3993735,S,NAD83,459.45,.16,NAVD88,18050006,dv,00060,00003,8808,,wat,,1645423,0,1997-10-01,2026-06-09,10479,San Mateo,06081
USGS,11162620,PILARCITOS C BL STONE DAM NR HILLSBOROUGH CA,ST,37.52461674,-122.3993735,S,NAD83,459.45,.16,NAVD88,18050006,pk,,,0,,wat,,0,0,1998-02-07,2025-02-04,28,San Mateo,06081
USGS,11162620,PILARCITOS C BL STONE DAM NR HILLSBOROUGH CA,ST,37.52461674,-122.3993735,S,NAD83,459.45,.16,NAVD88,18050006,qw,,,0,,wat,ALL,0,0,2015-02-02,2017-05-23,7,San Mateo,06081
USGS,11162620,PILARCITOS C BL STONE DAM NR HILLSBOROUGH CA,ST,37.52461674,-122.3993735,S,NAD83,459.45,.16,NAVD88,18050006,qw,00004,,0,,wat,PHY,1645241,0,2015-02-02,2017-05-23,6,San Mateo,06081
USGS,11162620,PILARCITOS C BL STONE DAM NR HILLSBOROUGH CA,ST,37.52461674,-122.3993735,S,NAD83,459.45,.16,NAVD88,18050006,qw,00010,,0,,wat,PHY,1645597,0,2015-02-02,2017-05-23,6,San Mateo,06081
USGS,11162620,PILARCITOS C BL STONE DAM NR HILLSBOROUGH CA,ST,37.52461674,-122.3993735,S,NAD83,459.45,.16,NAVD88,18050006,qw,00063,,0,,wat,INF,0,0,2016-08-30,2017-05-23,3,San Mateo,06081
USGS,11162620,PILARCITOS C BL STONE DAM NR HILLSBOROUGH CA,ST,37.52461674,-122.3993735,S,NAD83,459.45,.16,NAVD88,18050006,qw,00064,,0,,wat,PHY,1641984,0,2016-08-30,2017-05-23,3,San Mateo,06081
USGS,11162620,PILARCITOS C BL STONE DAM NR HILLSBOROUGH CA,ST,37.52461674,-122.3993735,S,NAD83,459.45,.16,NAVD88,18050006,qw,71999,,0,,wat,INF,0,0,2015-02-02,2017-05-23,6,San Mateo,06081
USGS,11162620,PILARCITOS C BL STONE DAM NR HILLSBOROUGH CA,ST,37.52461674,-122.3993735,S,NAD83,459.45,.16,NAVD88,18050006,qw,72104,,0,,wat,INF,0,0,2016-08-30,2017-05-23,2,San Mateo,06081
USGS,11162620,PILARCITOS C BL STONE DAM NR HILLSBOROUGH CA,ST,37.52461674,-122.3993735,S,NAD83,459.45,.16,NAVD88,18050006,qw,82398,,0,,wat,INF,0,0,2015-02-02,2017-05-23,6,San Mateo,06081
USGS,11162620,PILARCITOS C BL STONE DAM NR HILLSBOROUGH CA,ST,37.52461674,-122.3993735,S,NAD83,459.45,.16,NAVD88,18050006,qw,99111,,0,,wat,INF,0,0,2016-08-30,2017-05-23,3,San Mateo,06081
USGS,11162620,PILARCITOS C BL STONE DAM NR HILLSBOROUGH CA,ST,37.52461674,-122.3993735,S,NAD83,459.45,.16,NAVD88,18050006,sv,,,0,,wat,,0,0,1997-11-20,2026-06-01,295,San Mateo,06081
USGS,11162620,PILARCITOS C BL STONE DAM NR HILLSBOROUGH CA,ST,37.52461674,-122.3993735,S,NAD83,459.45,.16,NAVD88,18050006,uv,00010,,14721,,wat,,1645597,0,2008-10-01,2026-06-10,6461,San Mateo,06081
USGS,11162620,PILARCITOS C BL STONE DAM NR HILLSBOROUGH CA,ST,37.52461674,-122.3993735,S,NAD83,459.45,.16,NAVD88,18050006,uv,00060,,14720,,wat,,1645423,0,1997-10-11,2026-06-10,10469,San Mateo,06081
USGS,11162620,PILARCITOS C BL STONE DAM NR HILLSBOROUGH CA,ST,37.52461674,-122.3993735,S,NAD83,459.45,.16,NAVD88,18050006,uv,00065,,14719,,wat,,17164583,0,2007-10-01,2026-06-10,6827,San Mateo,06081
USGS,11162620,PILARCITOS C BL STONE DAM NR HILLSBOROUGH CA,ST,37.52461674,-122.3993735,S,NAD83,459.45,.16,NAVD88,18050006,uv,63160,,346222,,wat,,1642503,0,2023-06-10,2026-06-10,1096,San Mateo,06081
USGS,11162630,PILARCITOS C A HALF MOON BAY CA,ST,37.46656205,-122.4340958,F,NAD83,34.13,.16,NAVD88,18050006,ad,,,0,,wat,,0,0,2005,2025,21,San Mateo,06081
USGS,11162630,PILARCITOS C A HALF MOON BAY CA,ST,37.46656205,-122.4340958,F,NAD83,34.13,.16,NAVD88,18050006,dv,00060,00003,296003,,wat,,1645423,0,1966-07-01,2026-06-09,21892,San Mateo,06081
USGS,11162630,PILARCITOS C A HALF MOON BAY CA,ST,37.46656205,-122.4340958,F,NAD83,34.13,.16,NAVD88,18050006,pk,,,0,,wat,,0,0,1967-01-21,2025-02-13,59,San Mateo,06081
USGS,11162630,PILARCITOS C A HALF MOON BAY CA,ST,37.46656205,-122.4340958,F,NAD83,34.13,.16,NAVD88,18050006,qw,,,0,,wat,ALL,0,0,1990-06-13,1990-06-13,1,San Mateo,06081
USGS,11162630,PILARCITOS C A HALF MOON BAY CA,ST,37.46656205,-122.4340958,F,NAD83,34.13,.16,NAVD88,18050006,qw,00010,,0,,wat,PHY,1645597,0,1990-06-13,1990-06-13,1,San Mateo,06081
USGS,11162630,PILARCITOS C A HALF MOON BAY CA,ST,37.46656205,-122.4340958,F,NAD83,34.13,.16,NAVD88,18050006,qw,00028,,0,,wat,INF,0,0,1990-06-13,1990-06-13,1,San Mateo,06081
USGS,11162630,PILARCITOS C A HALF MOON BAY CA,ST,37.46656205,-122.4340958,F,NAD83,34.13,.16,NAVD88,18050006,qw,00061,,0,,wat,PHY,1645415,0,1990-06-13,1990-06-13,1,San Mateo,06081
USGS,11162630,PILARCITOS C A HALF MOON BAY CA,ST,37.46656205,-122.4340958,F,NAD83,34.13,.16,NAVD88,18050006,qw,00063,,0,,wat,INF,0,0,1990-06-13,1990-06-13,1,San Mateo,06081
USGS,11162630,PILARCITOS C A HALF MOON BAY CA,ST,37.46656205,-122.4340958,F,NAD83,34.13,.16,NAVD88,18050006,qw,30209,,0,,wat,PHY,1645415,0,1990-06-13,1990-06-13,1,San Mateo,06081
USGS,11162630,PILARCITOS C A HALF MOON BAY CA,ST,37.46656205,-122.4340958,F,NAD83,34.13,.16,NAVD88,18050006,qw,80164,,0,,wat,SED,17136284,0,1990-06-13,1990-06-13,1,San Mateo,06081
USGS,11162630,PILARCITOS C A HALF MOON BAY CA,ST,37.46656205,-122.4340958,F,NAD83,34.13,.16,NAVD88,18050006,qw,80165,,0,,wat,SED,17136284,0,1990-06-13,1990-06-13,1,San Mateo,06081
USGS,11162630,PILARCITOS C A HALF MOON BAY CA,ST,37.46656205,-122.4340958,F,NAD83,34.13,.16,NAVD88,18050006,qw,80166,,0,,wat,SED,17136284,0,1990-06-13,1990-06-13,1,San Mateo,06081
USGS,11162630,PILARCITOS C A HALF MOON BAY CA,ST,37.46656205,-122.4340958,F,NAD83,34.13,.16,NAVD88,18050006,qw,80167,,0,,wat,SED,17136284,0,1990-06-13,1990-06-13,1,San Mateo,06081
USGS,11162630,PILARCITOS C A HALF MOON BAY CA,ST,37.46656205,-122.4340958,F,NAD83,34.13,.16,NAVD88,18050006,qw,80168,,0,,wat,SED,17136284,0,1990-06-13,1990-06-13,1,San Mateo,06081
USGS,11162630,PILARCITOS C A HALF MOON BAY CA,ST,37.46656205,-122.4340958,F,NAD83,34.13,.16,NAVD88,18050006,qw,80169,,0,,wat,SED,17136284,0,1990-06-13,1990-06-13,1,San Mateo,06081
USGS,11162630,PILARCITOS C A HALF MOON BAY CA,ST,37.46656205,-122.4340958,F,NAD83,34.13,.16,NAVD88,18050006,qw,80170,,0,,wat,SED,17136284,0,1990-06-13,1990-06-13,1,San Mateo,06081
USGS,11162630,PILARCITOS C A HALF MOON BAY CA,ST,37.46656205,-122.4340958,F,NAD83,34.13,.16,NAVD88,18050006,qw,80171,,0,,wat,SED,17136284,0,1990-06-13,1990-06-13,1,San Mateo,06081
USGS,11162630,PILARCITOS C A HALF MOON BAY CA,ST,37.46656205,-122.4340958,F,NAD83,34.13,.16,NAVD88,18050006,qw,80172,,0,,wat,SED,17136284,0,1990-06-13,1990-06-13,1,San Mateo,06081
USGS,11162630,PILARCITOS C A HALF MOON BAY CA,ST,37.46656205,-122.4340958,F,NAD83,34.13,.16,NAVD88,18050006,qw,80173,,0,,wat,SED,17136284,0,1990-06-13,1990-06-13,1,San Mateo,06081
USGS,11162630,PILARCITOS C A HALF MOON BAY CA,ST,37.46656205,-122.4340958,F,NAD83,34.13,.16,NAVD88,18050006,sv,,,0,,wat,,0,0,1980-10-15,2026-04-15,541,San Mateo,06081
USGS,11162630,PILARCITOS C A HALF MOON BAY CA,ST,37.46656205,-122.4340958,F,NAD83,34.13,.16,NAVD88,18050006,uv,00060,,14724,,wat,,1645423,0,1987-10-01,2026-06-10,14132,San Mateo,06081
USGS,11162630,PILARCITOS C A HALF MOON BAY CA,ST,37.46656205,-122.4340958,F,NAD83,34.13,.16,NAVD88,18050006,uv,00065,,14725,,wat,,17164583,0,2007-10-01,2026-06-10,6827,San Mateo,06081
USGS,11162630,PILARCITOS C A HALF MOON BAY CA,ST,37.46656205,-122.4340958,F,NAD83,34.13,.16,NAVD88,18050006,uv,63160,,346189,,wat,,1642503,0,2023-06-10,2026-06-10,1096,San Mateo,06081
USGS,11162720,COLMA C A SOUTH SAN FRANCISCO CA,ST,37.65382296,-122.4263613,F,NAD83, 12.53,.01,NGVD29,18050004,dv,00010,00011,327872,,wat,,1645597,0,1969-10-15,1976-09-01,563,San Mateo,06081
USGS,11162720,COLMA C A SOUTH SAN FRANCISCO CA,ST,37.65382296,-122.4263613,F,NAD83, 12.53,.01,NGVD29,18050004,dv,00060,00003,8818,,wat,,1645423,0,1963-10-01,1996-11-12,11494,San Mateo,06081
USGS,11162720,COLMA C A SOUTH SAN FRANCISCO CA,ST,37.65382296,-122.4263613,F,NAD83, 12.53,.01,NGVD29,18050004,dv,80154,00003,327873,,wat,,17164666,0,1965-11-07,1976-03-31,2507,San Mateo,06081
USGS,11162720,COLMA C A SOUTH SAN FRANCISCO CA,ST,37.65382296,-122.4263613,F,NAD83, 12.53,.01,NGVD29,18050004,dv,80155,00003,327874,,wat,,17164591,0,1965-10-01,1976-03-31,3104,San Mateo,06081
USGS,11162720,COLMA C A SOUTH SAN FRANCISCO CA,ST,37.65382296,-122.4263613,F,NAD83, 12.53,.01,NGVD29,18050004,pk,,,0,,wat,,0,0,1964-01-20,1996-01-31,32,San Mateo,06081
USGS,11162720,COLMA C A SOUTH SAN FRANCISCO CA,ST,37.65382296,-122.4263613,F,NAD83, 12.53,.01,NGVD29,18050004,qw,,,0,,wat,ALL,0,0,1965-11-17,1982-03-01,155,San Mateo,06081
USGS,11162720,COLMA C A SOUTH SAN FRANCISCO CA,ST,37.65382296,-122.4263613,F,NAD83, 12.53,.01,NGVD29,18050004,qw,00010,,0,,wat,PHY,1645597,0,1965-11-17,1982-03-01,144,San Mateo,06081
USGS,11162720,COLMA C A SOUTH SAN FRANCISCO CA,ST,37.65382296,-122.4263613,F,NAD83, 12.53,.01,NGVD29,18050004,qw,00028,,0,,wat,INF,0,0,1981-11-13,1982-03-01,32,San Mateo,06081
USGS,11162720,COLMA C A SOUTH SAN FRANCISCO CA,ST,37.65382296,-122.4263613,F,NAD83, 12.53,.01,NGVD29,18050004,qw,00060,,0,,wat,PHY,1645423,0,1965-11-17,1971-10-15,67,San Mateo,06081
USGS,11162720,COLMA C A SOUTH SAN FRANCISCO CA,ST,37.65382296,-122.4263613,F,NAD83, 12.53,.01,NGVD29,18050004,qw,00061,,0,,wat,PHY,1645415,0,1971-11-05,1982-03-01,88,San Mateo,06081
USGS,11162720,COLMA C A SOUTH SAN FRANCISCO CA,ST,37.65382296,-122.4263613,F,NAD83, 12.53,.01,NGVD29,18050004,qw,00095,,0,,wat,PHY,1646694,0,1977-07-27,1977-07-27,1,San Mateo,06081
USGS,11162720,COLMA C A SOUTH SAN FRANCISCO CA,ST,37.65382296,-122.4263613,F,NAD83, 12.53,.01,NGVD29,18050004,qw,00191,,0,,wat,INN,1640572,0,1977-07-27,1977-07-27,1,San Mateo,06081
USGS,11162720,COLMA C A SOUTH SAN FRANCISCO CA,ST,37.65382296,-122.4263613,F,NAD83, 12.53,.01,NGVD29,18050004,qw,00300,,0,,wat,INN,154302,0,1977-07-27,1977-07-27,1,San Mateo,06081
USGS,11162720,COLMA C A SOUTH SAN FRANCISCO CA,ST,37.65382296,-122.4263613,F,NAD83, 12.53,.01,NGVD29,18050004,qw,00335,,0,,wat,PHY,1641661,0,1977-07-27,1977-07-27,1,San Mateo,06081
USGS,11162720,COLMA C A SOUTH SAN FRANCISCO CA,ST,37.65382296,-122.4263613,F,NAD83, 12.53,.01,NGVD29,18050004,qw,00400,,0,,wat,PHY,17028275,0,1977-07-27,1977-07-27,1,San Mateo,06081
USGS,11162720,COLMA C A SOUTH SAN FRANCISCO CA,ST,37.65382296,-122.4263613,F,NAD83, 12.53,.01,NGVD29,18050004,qw,00405,,0,,wat,INN,33548,0,1977-07-27,1977-07-27,1,San Mateo,06081
USGS,11162720,COLMA C A SOUTH SAN FRANCISCO CA,ST,37.65382296,-122.4263613,F,NAD83, 12.53,.01,NGVD29,18050004,qw,00410,,0,,wat,INN,1640192,0,1977-07-27,1977-07-27,1,San Mateo,06081
USGS,11162720,COLMA C A SOUTH SAN FRANCISCO CA,ST,37.65382296,-122.4263613,F,NAD83, 12.53,.01,NGVD29,18050004,qw,00440,,0,,wat,INN,4788,0,1977-07-27,1977-07-27,1,San Mateo,06081
USGS,11162720,COLMA C A SOUTH SAN FRANCISCO CA,ST,37.65382296,-122.4263613,F,NAD83, 12.53,.01,NGVD29,18050004,qw,00445,,0,,wat,INN,119396,0,1977-07-27,1977-07-27,1,San Mateo,06081
USGS,11162720,COLMA C A SOUTH SAN FRANCISCO CA,ST,37.65382296,-122.4263613,F,NAD83, 12.53,.01,NGVD29,18050004,qw,00530,,0,,wat,PHY,1642818,0,1977-07-27,1977-07-27,1,San Mateo,06081
USGS,11162720,COLMA C A SOUTH SAN FRANCISCO CA,ST,37.65382296,-122.4263613,F,NAD83, 12.53,.01,NGVD29,18050004,qw,00535,,0,,wat,PHY,1640374,0,1977-07-27,1977-07-27,1,San Mateo,06081
USGS,11162720,COLMA C A SOUTH SAN FRANCISCO CA,ST,37.65382296,-122.4263613,F,NAD83, 12.53,.01,NGVD29,18050004,qw,00540,,0,,wat,PHY,1640341,0,1977-07-27,1977-07-27,1,San Mateo,06081
USGS,11162720,COLMA C A SOUTH SAN FRANCISCO CA,ST,37.65382296,-122.4263613,F,NAD83, 12.53,.01,NGVD29,18050004,qw,00600,,0,,wat,NUT,52450988,0,1977-07-27,1977-07-27,1,San Mateo,06081
USGS,11162720,COLMA C A SOUTH SAN FRANCISCO CA,ST,37.65382296,-122.4263613,F,NAD83, 12.53,.01,NGVD29,18050004,qw,00625,,0,,wat,NUT,17148461,0,1977-07-27,1977-07-27,1,San Mateo,06081
USGS,11162720,COLMA C A SOUTH SAN FRANCISCO CA,ST,37.65382296,-122.4263613,F,NAD83, 12.53,.01,NGVD29,18050004,qw,00630,,0,,wat,NUT,701177,0,1977-07-27,1977-07-27,1,San Mateo,06081
USGS,11162720,COLMA C A SOUTH SAN FRANCISCO CA,ST,37.65382296,-122.4263613,F,NAD83, 12.53,.01,NGVD29,18050004,qw,00631,,0,,wat,NUT,701177,0,1977-07-27,1977-07-27,1,San Mateo,06081
USGS,11162720,COLMA C A SOUTH SAN FRANCISCO CA,ST,37.65382296,-122.4263613,F,NAD83, 12.53,.01,NGVD29,18050004,qw,00665,,0,,wat,NUT,153049,0,1977-07-27,1977-07-27,1,San Mateo,06081
USGS,11162720,COLMA C A SOUTH SAN FRANCISCO CA,ST,37.65382296,-122.4263613,F,NAD83, 12.53,.01,NGVD29,18050004,qw,00900,,0,,wat,PHY,1640416,0,1977-07-27,1977-07-27,1,San Mateo,06081
USGS,11162720,COLMA C A SOUTH SAN FRANCISCO CA,ST,37.65382296,-122.4263613,F,NAD83, 12.53,.01,NGVD29,18050004,qw,00902,,0,,wat,PHY,1640432,0,1977-07-27,1977-07-27,1,San Mateo,06081
USGS,11162720,COLMA C A SOUTH SAN FRANCISCO CA,ST,37.65382296,-122.4263613,F,NAD83, 12.53,.01,NGVD29,18050004,qw,00915,,0,,wat,INM,150268,0,1977-07-27,1977-07-27,1,San Mateo,06081
USGS,11162720,COLMA C A SOUTH SAN FRANCISCO CA,ST,37.65382296,-122.4263613,F,NAD83, 12.53,.01,NGVD29,18050004,qw,00925,,0,,wat,INM,149617,0,1977-07-27,1977-07-27,1,San Mateo,06081
USGS,11162720,COLMA C A SOUTH SAN FRANCISCO CA,ST,37.65382296,-122.4263613,F,NAD83, 12.53,.01,NGVD29,18050004,qw,00930,,0,,wat,INM,149856,0,1977-07-27,1977-07-27,1,San Mateo,06081
USGS,11162720,COLMA C A SOUTH SAN FRANCISCO CA,ST,37.65382296,-122.4263613,F,NAD83, 12.53,.01,NGVD29,18050004,qw,00931,,0,,wat,INM,1640523,0,1977-07-27,1977-07-27,1,San Mateo,06081
USGS,11162720,COLMA C A SOUTH SAN FRANCISCO CA,ST,37.65382296,-122.4263613,F,NAD83, 12.53,.01,NGVD29,18050004,qw,00932,,0,,wat,INM,1646660,0,1977-07-27,1977-07-27,1,San Mateo,06081
USGS,11162720,COLMA C A SOUTH SAN FRANCISCO CA,ST,37.65382296,-122.4263613,F,NAD83, 12.53,.01,NGVD29,18050004,qw,00935,,0,,wat,INM,149740,0,1977-07-27,1977-07-27,1,San Mateo,06081
USGS,11162720,COLMA C A SOUTH SAN FRANCISCO CA,ST,37.65382296,-122.4263613,F,NAD83, 12.53,.01,NGVD29,18050004,qw,00940,,0,,wat,INN,205955,0,1977-07-27,1977-07-27,1,San Mateo,06081
USGS,11162720,COLMA C A SOUTH SAN FRANCISCO CA,ST,37.65382296,-122.4263613,F,NAD83, 12.53,.01,NGVD29,18050004,qw,00945,,0,,wat,INN,197301,0,1977-07-27,1977-07-27,1,San Mateo,06081
USGS,11162720,COLMA C A SOUTH SAN FRANCISCO CA,ST,37.65382296,-122.4263613,F,NAD83, 12.53,.01,NGVD29,18050004,qw,00950,,0,,wat,INN,206706,0,1977-07-27,1977-07-27,1,San Mateo,06081
USGS,11162720,COLMA C A SOUTH SAN FRANCISCO CA,ST,37.65382296,-122.4263613,F,NAD83, 12.53,.01,NGVD29,18050004,qw,00955,,0,,wat,INN,151977,0,1977-07-27,1977-07-27,1,San Mateo,06081
USGS,11162720,COLMA C A SOUTH SAN FRANCISCO CA,ST,37.65382296,-122.4263613,F,NAD83, 12.53,.01,NGVD29,18050004,qw,01020,,0,,wat,IMN,150011,0,1977-07-27,1977-07-27,1,San Mateo,06081
USGS,11162720,COLMA C A SOUTH SAN FRANCISCO CA,ST,37.65382296,-122.4263613,F,NAD83, 12.53,.01,NGVD29,18050004,qw,01046,,0,,wat,IMM,149559,0,1977-07-27,1977-07-27,1,San Mateo,06081
USGS,11162720,COLMA C A SOUTH SAN FRANCISCO CA,ST,37.65382296,-122.4263613,F,NAD83, 12.53,.01,NGVD29,18050004,qw,30208,,0,,wat,PHY,0,0,1965-11-17,1971-10-15,67,San Mateo,06081
USGS,11162720,COLMA C A SOUTH SAN FRANCISCO CA,ST,37.65382296,-122.4263613,F,NAD83, 12.53,.01,NGVD29,18050004,qw,30209,,0,,wat,PHY,1645415,0,1971-11-05,1982-03-01,88,San Mateo,06081
USGS,11162720,COLMA C A SOUTH SAN FRANCISCO CA,ST,37.65382296,-122.4263613,F,NAD83, 12.53,.01,NGVD29,18050004,qw,70299,,0,,wat,PHY,1642818,0,1977-07-27,1977-07-27,1,San Mateo,06081
USGS,11162720,COLMA C A SOUTH SAN FRANCISCO CA,ST,37.65382296,-122.4263613,F,NAD83, 12.53,.01,NGVD29,18050004,qw,70301,,0,,wat,PHY,1642222,0,1977-07-27,1977-07-27,1,San Mateo,06081
USGS,11162720,COLMA C A SOUTH SAN FRANCISCO CA,ST,37.65382296,-122.4263613,F,NAD83, 12.53,.01,NGVD29,18050004,qw,70302,,0,,wat,PHY,1642222,0,1977-07-27,1977-07-27,1,San Mateo,06081
USGS,11162720,COLMA C A SOUTH SAN FRANCISCO CA,ST,37.65382296,-122.4263613,F,NAD83, 12.53,.01,NGVD29,18050004,qw,70303,,0,,wat,PHY,1642222,0,1977-07-27,1977-07-27,1,San Mateo,06081
USGS,11162720,COLMA C A SOUTH SAN FRANCISCO CA,ST,37.65382296,-122.4263613,F,NAD83, 12.53,.01,NGVD29,18050004,qw,70331,,0,,wat,SED,17164666,0,1965-11-17,1982-03-01,79,San Mateo,06081
USGS,11162720,COLMA C A SOUTH SAN FRANCISCO CA,ST,37.65382296,-122.4263613,F,NAD83, 12.53,.01,NGVD29,18050004,qw,70332,,0,,wat,SED,17164666,0,1965-11-17,1981-11-13,44,San Mateo,06081
USGS,11162720,COLMA C A SOUTH SAN FRANCISCO CA,ST,37.65382296,-122.4263613,F,NAD83, 12.53,.01,NGVD29,18050004,qw,70333,,0,,wat,SED,17164666,0,1965-11-17,1981-11-13,37,San Mateo,06081
USGS,11162720,COLMA C A SOUTH SAN FRANCISCO CA,ST,37.65382296,-122.4263613,F,NAD83, 12.53,.01,NGVD29,18050004,qw,70334,,0,,wat,SED,17164666,0,1965-11-17,1981-11-13,26,San Mateo,06081
USGS,11162720,COLMA C A SOUTH SAN FRANCISCO CA,ST,37.65382296,-122.4263613,F,NAD83, 12.53,.01,NGVD29,18050004,qw,70335,,0,,wat,SED,17164666,0,1966-02-01,1981-11-13,4,San Mateo,06081
USGS,11162720,COLMA C A SOUTH SAN FRANCISCO CA,ST,37.65382296,-122.4263613,F,NAD83, 12.53,.01,NGVD29,18050004,qw,70337,,0,,wat,SED,17164666,0,1965-11-18,1981-11-13,86,San Mateo,06081
USGS,11162720,COLMA C A SOUTH SAN FRANCISCO CA,ST,37.65382296,-122.4263613,F,NAD83, 12.53,.01,NGVD29,18050004,qw,70338,,0,,wat,SED,17164666,0,1965-11-17,1981-11-13,90,San Mateo,06081
USGS,11162720,COLMA C A SOUTH SAN FRANCISCO CA,ST,37.65382296,-122.4263613,F,NAD83, 12.53,.01,NGVD29,18050004,qw,70339,,0,,wat,SED,17164666,0,1965-11-18,1981-11-13,86,San Mateo,06081
USGS,11162720,COLMA C A SOUTH SAN FRANCISCO CA,ST,37.65382296,-122.4263613,F,NAD83, 12.53,.01,NGVD29,18050004,qw,70340,,0,,wat,SED,17164666,0,1965-11-17,1981-11-13,90,San Mateo,06081
USGS,11162720,COLMA C A SOUTH SAN FRANCISCO CA,ST,37.65382296,-122.4263613,F,NAD83, 12.53,.01,NGVD29,18050004,qw,70341,,0,,wat,SED,17164666,0,1965-11-18,1981-11-13,85,San Mateo,06081
USGS,11162720,COLMA C A SOUTH SAN FRANCISCO CA,ST,37.65382296,-122.4263613,F,NAD83, 12.53,.01,NGVD29,18050004,qw,70342,,0,,wat,SED,17164666,0,1965-11-18,1981-01-27,74,San Mateo,06081
USGS,11162720,COLMA C A SOUTH SAN FRANCISCO CA,ST,37.65382296,-122.4263613,F,NAD83, 12.53,.01,NGVD29,18050004,qw,70343,,0,,wat,SED,17164666,0,1965-11-18,1981-01-27,74,San Mateo,06081
USGS,11162720,COLMA C A SOUTH SAN FRANCISCO CA,ST,37.65382296,-122.4263613,F,NAD83, 12.53,.01,NGVD29,18050004,qw,70344,,0,,wat,SED,17164666,0,1965-11-18,1981-01-27,74,San Mateo,06081
USGS,11162720,COLMA C A SOUTH SAN FRANCISCO CA,ST,37.65382296,-122.4263613,F,NAD83, 12.53,.01,NGVD29,18050004,qw,70345,,0,,wat,SED,17164666,0,1965-11-18,1981-01-27,61,San Mateo,06081
USGS,11162720,COLMA C A SOUTH SAN FRANCISCO CA,ST,37.65382296,-122.4263613,F,NAD83, 12.53,.01,NGVD29,18050004,qw,70346,,0,,wat,SED,17164666,0,1966-02-01,1981-01-27,13,San Mateo,06081
USGS,11162720,COLMA C A SOUTH SAN FRANCISCO CA,ST,37.65382296,-122.4263613,F,NAD83, 12.53,.01,NGVD29,18050004,qw,70347,,0,,wat,SED,17164666,0,1966-02-01,1970-11-24,2,San Mateo,06081
USGS,11162720,COLMA C A SOUTH SAN FRANCISCO CA,ST,37.65382296,-122.4263613,F,NAD83, 12.53,.01,NGVD29,18050004,qw,71887,,0,,wat,NUT,52450988,0,1977-07-27,1977-07-27,1,San Mateo,06081
USGS,11162720,COLMA C A SOUTH SAN FRANCISCO CA,ST,37.65382296,-122.4263613,F,NAD83, 12.53,.01,NGVD29,18050004,qw,80154,,0,,wat,SED,17164666,0,1965-11-17,1982-03-01,154,San Mateo,06081
USGS,11162720,COLMA C A SOUTH SAN FRANCISCO CA,ST,37.65382296,-122.4263613,F,NAD83, 12.53,.01,NGVD29,18050004,qw,80155,,0,,wat,SED,17164591,0,1965-11-17,1982-03-01,154,San Mateo,06081
USGS,11162720,COLMA C A SOUTH SAN FRANCISCO CA,ST,37.65382296,-122.4263613,F,NAD83, 12.53,.01,NGVD29,18050004,sv,,,0,,wat,,0,0,1986-10-21,1994-03-15,33,San Mateo,06081
USGS,11162722,SPRUCE BRANCH A SOUTH SAN FRANCISCO CA,ST,37.6460454,-122.4219169,F,NAD83, 5.50,12.,NGVD29,18050004,dv,00060,00003,8821,,wat,,1645423,0,1965-03-01,1969-10-15,1690,San Mateo,06081
USGS,11162722,SPRUCE BRANCH A SOUTH SAN FRANCISCO CA,ST,37.6460454,-122.4219169,F,NAD83, 5.50,12.,NGVD29,18050004,dv,80154,00003,8822,,wat,,17164666,0,1965-11-07,1967-03-31,84,San Mateo,06081
USGS,11162722,SPRUCE BRANCH A SOUTH SAN FRANCISCO CA,ST,37.6460454,-122.4219169,F,NAD83, 5.50,12.,NGVD29,18050004,dv,80155,00003,8823,,wat,,17164591,0,1965-10-01,1969-09-29,1280,San Mateo,06081
USGS,11162722,SPRUCE BRANCH A SOUTH SAN FRANCISCO CA,ST,37.6460454,-122.4219169,F,NAD83, 5.50,12.,NGVD29,18050004,pk,,,0,,wat,,0,0,1965-11-13,1969-01-26,4,San Mateo,06081
USGS,11162722,SPRUCE BRANCH A SOUTH SAN FRANCISCO CA,ST,37.6460454,-122.4219169,F,NAD83, 5.50,12.,NGVD29,18050004,qw,,,0,,wat,ALL,0,0,1965-11-17,1969-02-24,30,San Mateo,06081
USGS,11162722,SPRUCE BRANCH A SOUTH SAN FRANCISCO CA,ST,37.6460454,-122.4219169,F,NAD83, 5.50,12.,NGVD29,18050004,qw,00010,,0,,wat,PHY,1645597,0,1965-11-17,1969-02-24,26,San Mateo,06081
USGS,11162722,SPRUCE BRANCH A SOUTH SAN FRANCISCO CA,ST,37.6460454,-122.4219169,F,NAD83, 5.50,12.,NGVD29,18050004,qw,00060,,0,,wat,PHY,1645423,0,1965-11-17,1969-02-24,30,San Mateo,06081
USGS,11162722,SPRUCE BRANCH A SOUTH SAN FRANCISCO CA,ST,37.6460454,-122.4219169,F,NAD83, 5.50,12.,NGVD29,18050004,qw,30208,,0,,wat,PHY,0,0,1965-11-17,1969-02-24,30,San Mateo,06081
USGS,11162722,SPRUCE BRANCH A SOUTH SAN FRANCISCO CA,ST,37.6460454,-122.4219169,F,NAD83, 5.50,12.,NGVD29,18050004,qw,70331,,0,,wat,SED,17164666,0,1965-11-17,1967-11-30,2,San Mateo,06081
USGS,11162722,SPRUCE BRANCH A SOUTH SAN FRANCISCO CA,ST,37.6460454,-122.4219169,F,NAD83, 5.50,12.,NGVD29,18050004,qw,70332,,0,,wat,SED,17164666,0,1965-11-17,1965-11-17,1,San Mateo,06081
USGS,11162722,SPRUCE BRANCH A SOUTH SAN FRANCISCO CA,ST,37.6460454,-122.4219169,F,NAD83, 5.50,12.,NGVD29,18050004,qw,70333,,0,,wat,SED,17164666,0,1965-11-17,1965-11-17,1,San Mateo,06081
USGS,11162722,SPRUCE BRANCH A SOUTH SAN FRANCISCO CA,ST,37.6460454,-122.4219169,F,NAD83, 5.50,12.,NGVD29,18050004,qw,70337,,0,,wat,SED,17164666,0,1965-11-17,1969-02-11,21,San Mateo,06081
USGS,11162722,SPRUCE BRANCH A SOUTH SAN FRANCISCO CA,ST,37.6460454,-122.4219169,F,NAD83, 5.50,12.,NGVD29,18050004,qw,70338,,0,,wat,SED,17164666,0,1965-11-17,1969-02-11,21,San Mateo,06081
USGS,11162722,SPRUCE BRANCH A SOUTH SAN FRANCISCO CA,ST,37.6460454,-122.4219169,F,NAD83, 5.50,12.,NGVD29,18050004,qw,70339,,0,,wat,SED,17164666,0,1965-11-17,1969-02-11,21,San Mateo,06081
USGS,11162722,SPRUCE BRANCH A SOUTH SAN FRANCISCO CA,ST,37.6460454,-122.4219169,F,NAD83, 5.50,12.,NGVD29,18050004,qw,70340,,0,,wat,SED,17164666,0,1965-11-17,1969-02-11,21,San Mateo,06081
USGS,11162722,SPRUCE BRANCH A SOUTH SAN FRANCISCO CA,ST,37.6460454,-122.4219169,F,NAD83, 5.50,12.,NGVD29,18050004,qw,70341,,0,,wat,SED,17164666,0,1965-11-17,1969-02-11,21,San Mateo,06081
USGS,11162722,SPRUCE BRANCH A SOUTH SAN FRANCISCO CA,ST,37.6460454,-122.4219169,F,NAD83, 5.50,12.,NGVD29,18050004,qw,70342,,0,,wat,SED,17164666,0,1965-11-17,1969-02-24,28,San Mateo,06081
USGS,11162722,SPRUCE BRANCH A SOUTH SAN FRANCISCO CA,ST,37.6460454,-122.4219169,F,NAD83, 5.50,12.,NGVD29,18050004,qw,70343,,0,,wat,SED,17164666,0,1965-11-17,1969-02-24,28,San Mateo,06081
USGS,11162722,SPRUCE BRANCH A SOUTH SAN FRANCISCO CA,ST,37.6460454,-122.4219169,F,NAD83, 5.50,12.,NGVD29,18050004,qw,70344,,0,,wat,SED,17164666,0,1965-11-17,1969-02-24,28,San Mateo,06081
USGS,11162722,SPRUCE BRANCH A SOUTH SAN FRANCISCO CA,ST,37.6460454,-122.4219169,F,NAD83, 5.50,12.,NGVD29,18050004,qw,70345,,0,,wat,SED,17164666,0,1965-11-17,1969-02-11,16,San Mateo,06081
USGS,11162722,SPRUCE BRANCH A SOUTH SAN FRANCISCO CA,ST,37.6460454,-122.4219169,F,NAD83, 5.50,12.,NGVD29,18050004,qw,70346,,0,,wat,SED,17164666,0,1965-11-17,1969-02-06,5,San Mateo,06081
USGS,11162722,SPRUCE BRANCH A SOUTH SAN FRANCISCO CA,ST,37.6460454,-122.4219169,F,NAD83, 5.50,12.,NGVD29,18050004,qw,70347,,0,,wat,SED,17164666,0,1969-01-29,1969-01-29,1,San Mateo,06081
USGS,11162722,SPRUCE BRANCH A SOUTH SAN FRANCISCO CA,ST,37.6460454,-122.4219169,F,NAD83, 5.50,12.,NGVD29,18050004,qw,80154,,0,,wat,SED,17164666,0,1965-11-17,1969-02-24,30,San Mateo,06081
USGS,11162722,SPRUCE BRANCH A SOUTH SAN FRANCISCO CA,ST,37.6460454,-122.4219169,F,NAD83, 5.50,12.,NGVD29,18050004,qw,80155,,0,,wat,SED,17164591,0,1965-11-17,1969-02-24,30,San Mateo,06081
USGS,11162735,SAN MATEO C AB JUNCTION BOX A DAM1 NR HILLSBOROUGH,ST,37.5569722,-122.41825,5,NAD83,648.36,1.6,NAVD88,18050004,ad,,,0,,wat,,0,0,2022,2025,4,San Mateo,06081
USGS,11162735,SAN MATEO C AB JUNCTION BOX A DAM1 NR HILLSBOROUGH,ST,37.5569722,-122.41825,5,NAD83,648.36,1.6,NAVD88,18050004,dv,00060,00003,311705,,wat,,1645423,0,2022-02-24,2026-06-09,1567,San Mateo,06081
USGS,11162735,SAN MATEO C AB JUNCTION BOX A DAM1 NR HILLSBOROUGH,ST,37.5569722,-122.41825,5,NAD83,648.36,1.6,NAVD88,18050004,pk,,,0,,wat,,0,0,2022-04-16,2025-02-04,4,San Mateo,06081
USGS,11162735,SAN MATEO C AB JUNCTION BOX A DAM1 NR HILLSBOROUGH,ST,37.5569722,-122.41825,5,NAD83,648.36,1.6,NAVD88,18050004,sv,,,0,,wat,,0,0,2010-12-20,2026-06-01,50,San Mateo,06081
USGS,11162735,SAN MATEO C AB JUNCTION BOX A DAM1 NR HILLSBOROUGH,ST,37.5569722,-122.41825,5,NAD83,648.36,1.6,NAVD88,18050004,uv,00060,,311529,,wat,,1645423,0,2022-02-23,2026-06-10,1568,San Mateo,06081
USGS,11162735,SAN MATEO C AB JUNCTION BOX A DAM1 NR HILLSBOROUGH,ST,37.5569722,-122.41825,5,NAD83,648.36,1.6,NAVD88,18050004,uv,00065,,311528,,wat,,17164583,0,2022-02-23,2026-06-10,1568,San Mateo,06081
USGS,11162735,SAN MATEO C AB JUNCTION BOX A DAM1 NR HILLSBOROUGH,ST,37.5569722,-122.41825,5,NAD83,648.36,1.6,NAVD88,18050004,uv,63160,,345551,,wat,,1642503,0,2023-06-10,2026-06-10,1096,San Mateo,06081
USGS,11162737,SAN MATEO C BL JUNCTION BOX A DAM1 NR HILLSBOROUGH,ST,37.5559722,-122.4177222,5,NAD83,626.23,.16,NAVD88,18050004,ad,,,0,,wat,,0,0,2022,2025,4,San Mateo,06081
USGS,11162737,SAN MATEO C BL JUNCTION BOX A DAM1 NR HILLSBOROUGH,ST,37.5559722,-122.4177222,5,NAD83,626.23,.16,NAVD88,18050004,dv,00060,00003,311706,,wat,,1645423,0,2022-02-24,2026-06-09,1567,San Mateo,06081
USGS,11162737,SAN MATEO C BL JUNCTION BOX A DAM1 NR HILLSBOROUGH,ST,37.5559722,-122.4177222,5,NAD83,626.23,.16,NAVD88,18050004,pk,,,0,,wat,,0,0,2022-04-16,2025-02-04,4,San Mateo,06081
USGS,11162737,SAN MATEO C BL JUNCTION BOX A DAM1 NR HILLSBOROUGH,ST,37.5559722,-122.4177222,5,NAD83,626.23,.16,NAVD88,18050004,sv,,,0,,wat,,0,0,2016-03-09,2026-06-01,51,San Mateo,06081
USGS,11162737,SAN MATEO C BL JUNCTION BOX A DAM1 NR HILLSBOROUGH,ST,37.5559722,-122.4177222,5,NAD83,626.23,.16,NAVD88,18050004,uv,00060,,311532,,wat,,1645423,0,2022-02-23,2026-06-10,1568,San Mateo,06081
USGS,11162737,SAN MATEO C BL JUNCTION BOX A DAM1 NR HILLSBOROUGH,ST,37.5559722,-122.4177222,5,NAD83,626.23,.16,NAVD88,18050004,uv,00065,,311531,,wat,,17164583,0,2022-02-23,2026-06-10,1568,San Mateo,06081
USGS,11162737,SAN MATEO C BL JUNCTION BOX A DAM1 NR HILLSBOROUGH,ST,37.5559722,-122.4177222,5,NAD83,626.23,.16,NAVD88,18050004,uv,63160,,346148,,wat,,1642503,0,2023-06-10,2026-06-10,1096,San Mateo,06081
USGS,11162753,SAN MATEO C BL LO CRYSTAL SP RES NR SAN MATEO CA,ST,37.52944444,-122.3583333,S,NAD83, 146.31,.16,NAVD88,18050004,ad,,,0,,wat,,0,0,2009,2025,17,San Mateo,06081
USGS,11162753,SAN MATEO C BL LO CRYSTAL SP RES NR SAN MATEO CA,ST,37.52944444,-122.3583333,S,NAD83, 146.31,.16,NAVD88,18050004,dv,00010,00001,8827,,wat,,1645597,0,2008-09-11,2023-07-04,5221,San Mateo,06081
USGS,11162753,SAN MATEO C BL LO CRYSTAL SP RES NR SAN MATEO CA,ST,37.52944444,-122.3583333,S,NAD83, 146.31,.16,NAVD88,18050004,dv,00010,00002,8828,,wat,,1645597,0,2008-09-12,2023-07-04,5217,San Mateo,06081
USGS,11162753,SAN MATEO C BL LO CRYSTAL SP RES NR SAN MATEO CA,ST,37.52944444,-122.3583333,S,NAD83, 146.31,.16,NAVD88,18050004,dv,00010,00003,234666,,wat,,1645597,0,2016-10-01,2023-07-04,2342,San Mateo,06081
USGS,11162753,SAN MATEO C BL LO CRYSTAL SP RES NR SAN MATEO CA,ST,37.52944444,-122.3583333,S,NAD83, 146.31,.16,NAVD88,18050004,dv,00010,00008,8829,,wat,,1645597,0,2010-10-01,2016-09-30,2175,San Mateo,06081
USGS,11162753,SAN MATEO C BL LO CRYSTAL SP RES NR SAN MATEO CA,ST,37.52944444,-122.3583333,S,NAD83, 146.31,.16,NAVD88,18050004,dv,00060,00003,8826,,wat,,1645423,0,2008-09-12,2026-06-09,6480,San Mateo,06081
USGS,11162753,SAN MATEO C BL LO CRYSTAL SP RES NR SAN MATEO CA,ST,37.52944444,-122.3583333,S,NAD83, 146.31,.16,NAVD88,18050004,pk,,,0,,wat,,0,0,2009-02-15,2025-02-13,17,San Mateo,06081
USGS,11162753,SAN MATEO C BL LO CRYSTAL SP RES NR SAN MATEO CA,ST,37.52944444,-122.3583333,S,NAD83, 146.31,.16,NAVD88,18050004,qw,,,0,,wat,ALL,0,0,2014-01-09,2017-06-13,7,San Mateo,06081
USGS,11162753,SAN MATEO C BL LO CRYSTAL SP RES NR SAN MATEO CA,ST,37.52944444,-122.3583333,S,NAD83, 146.31,.16,NAVD88,18050004,qw,00004,,0,,wat,PHY,1645241,0,2014-01-09,2017-06-13,7,San Mateo,06081
USGS,11162753,SAN MATEO C BL LO CRYSTAL SP RES NR SAN MATEO CA,ST,37.52944444,-122.3583333,S,NAD83, 146.31,.16,NAVD88,18050004,qw,00010,,0,,wat,PHY,1645597,0,2014-01-09,2017-06-13,7,San Mateo,06081
USGS,11162753,SAN MATEO C BL LO CRYSTAL SP RES NR SAN MATEO CA,ST,37.52944444,-122.3583333,S,NAD83, 146.31,.16,NAVD88,18050004,qw,00063,,0,,wat,INF,0,0,2014-01-09,2017-06-13,4,San Mateo,06081
USGS,11162753,SAN MATEO C BL LO CRYSTAL SP RES NR SAN MATEO CA,ST,37.52944444,-122.3583333,S,NAD83, 146.31,.16,NAVD88,18050004,qw,00064,,0,,wat,PHY,1641984,0,2016-08-30,2017-06-13,3,San Mateo,06081
USGS,11162753,SAN MATEO C BL LO CRYSTAL SP RES NR SAN MATEO CA,ST,37.52944444,-122.3583333,S,NAD83, 146.31,.16,NAVD88,18050004,qw,71999,,0,,wat,INF,0,0,2014-01-09,2017-06-13,7,San Mateo,06081
USGS,11162753,SAN MATEO C BL LO CRYSTAL SP RES NR SAN MATEO CA,ST,37.52944444,-122.3583333,S,NAD83, 146.31,.16,NAVD88,18050004,qw,72104,,0,,wat,INF,0,0,2016-08-30,2016-08-30,1,San Mateo,06081
USGS,11162753,SAN MATEO C BL LO CRYSTAL SP RES NR SAN MATEO CA,ST,37.52944444,-122.3583333,S,NAD83, 146.31,.16,NAVD88,18050004,qw,82398,,0,,wat,INF,0,0,2014-01-09,2017-06-13,7,San Mateo,06081
USGS,11162753,SAN MATEO C BL LO CRYSTAL SP RES NR SAN MATEO CA,ST,37.52944444,-122.3583333,S,NAD83, 146.31,.16,NAVD88,18050004,qw,99111,,0,,wat,INF,0,0,2014-01-09,2017-06-13,4,San Mateo,06081
USGS,11162753,SAN MATEO C BL LO CRYSTAL SP RES NR SAN MATEO CA,ST,37.52944444,-122.3583333,S,NAD83, 146.31,.16,NAVD88,18050004,sv,,,0,,wat,,0,0,2008-09-18,2026-04-15,276,San Mateo,06081
USGS,11162753,SAN MATEO C BL LO CRYSTAL SP RES NR SAN MATEO CA,ST,37.52944444,-122.3583333,S,NAD83, 146.31,.16,NAVD88,18050004,uv,00010,,14733,,wat,,1645597,0,2008-09-12,2026-06-10,6480,San Mateo,06081
USGS,11162753,SAN MATEO C BL LO CRYSTAL SP RES NR SAN MATEO CA,ST,37.52944444,-122.3583333,S,NAD83, 146.31,.16,NAVD88,18050004,uv,00060,,14731,,wat,,1645423,0,2008-09-12,2026-06-10,6480,San Mateo,06081
USGS,11162753,SAN MATEO C BL LO CRYSTAL SP RES NR SAN MATEO CA,ST,37.52944444,-122.3583333,S,NAD83, 146.31,.16,NAVD88,18050004,uv,00065,,14732,,wat,,17164583,0,2008-09-11,2026-06-10,6481,San Mateo,06081
USGS,11162753,SAN MATEO C BL LO CRYSTAL SP RES NR SAN MATEO CA,ST,37.52944444,-122.3583333,S,NAD83, 146.31,.16,NAVD88,18050004,uv,63160,,345626,,wat,,1642503,0,2023-06-10,2026-06-10,1096,San Mateo,06081
USGS,11162800,REDWOOD C A REDWOOD CITY CA,ST,37.44938279,-122.2335772,F,NAD83, 83.92, 10,NGVD29,18050004,dv,00060,00003,8842,,wat,,1645423,0,1959-10-01,1997-10-20,13900,San Mateo,06081
USGS,11162800,REDWOOD C A REDWOOD CITY CA,ST,37.44938279,-122.2335772,F,NAD83, 83.92, 10,NGVD29,18050004,pk,,,0,,wat,,0,0,1960-02-08,1996-12-10,38,San Mateo,06081
USGS,11162800,REDWOOD C A REDWOOD CITY CA,ST,37.44938279,-122.2335772,F,NAD83, 83.92, 10,NGVD29,18050004,qw,,,0,,wat,ALL,0,0,1970-11-29,1971-03-26,4,San Mateo,06081
USGS,11162800,REDWOOD C A REDWOOD CITY CA,ST,37.44938279,-122.2335772,F,NAD83, 83.92, 10,NGVD29,18050004,qw,00010,,0,,wat,PHY,1645597,0,1970-11-29,1971-03-26,4,San Mateo,06081
USGS,11162800,REDWOOD C A REDWOOD CITY CA,ST,37.44938279,-122.2335772,F,NAD83, 83.92, 10,NGVD29,18050004,qw,00060,,0,,wat,PHY,1645423,0,1970-11-29,1971-03-26,4,San Mateo,06081
USGS,11162800,REDWOOD C A REDWOOD CITY CA,ST,37.44938279,-122.2335772,F,NAD83, 83.92, 10,NGVD29,18050004,qw,30208,,0,,wat,PHY,0,0,1970-11-29,1971-03-26,4,San Mateo,06081
USGS,11162800,REDWOOD C A REDWOOD CITY CA,ST,37.44938279,-122.2335772,F,NAD83, 83.92, 10,NGVD29,18050004,qw,70331,,0,,wat,SED,17164666,0,1970-11-29,1971-03-26,2,San Mateo,06081
USGS,11162800,REDWOOD C A REDWOOD CITY CA,ST,37.44938279,-122.2335772,F,NAD83, 83.92, 10,NGVD29,18050004,qw,70332,,0,,wat,SED,17164666,0,1970-11-29,1971-03-26,2,San Mateo,06081
USGS,11162800,REDWOOD C A REDWOOD CITY CA,ST,37.44938279,-122.2335772,F,NAD83, 83.92, 10,NGVD29,18050004,qw,70333,,0,,wat,SED,17164666,0,1970-11-29,1970-11-29,1,San Mateo,06081
USGS,11162800,REDWOOD C A REDWOOD CITY CA,ST,37.44938279,-122.2335772,F,NAD83, 83.92, 10,NGVD29,18050004,qw,70334,,0,,wat,SED,17164666,0,1970-11-29,1970-11-29,1,San Mateo,06081
USGS,11162800,REDWOOD C A REDWOOD CITY CA,ST,37.44938279,-122.2335772,F,NAD83, 83.92, 10,NGVD29,18050004,qw,70337,,0,,wat,SED,17164666,0,1970-12-02,1970-12-02,2,San Mateo,06081
USGS,11162800,REDWOOD C A REDWOOD CITY CA,ST,37.44938279,-122.2335772,F,NAD83, 83.92, 10,NGVD29,18050004,qw,70338,,0,,wat,SED,17164666,0,1970-12-02,1970-12-02,2,San Mateo,06081
USGS,11162800,REDWOOD C A REDWOOD CITY CA,ST,37.44938279,-122.2335772,F,NAD83, 83.92, 10,NGVD29,18050004,qw,70339,,0,,wat,SED,17164666,0,1970-12-02,1970-12-02,2,San Mateo,06081
USGS,11162800,REDWOOD C A REDWOOD CITY CA,ST,37.44938279,-122.2335772,F,NAD83, 83.92, 10,NGVD29,18050004,qw,70340,,0,,wat,SED,17164666,0,1970-12-02,1970-12-02,2,San Mateo,06081
USGS,11162800,REDWOOD C A REDWOOD CITY CA,ST,37.44938279,-122.2335772,F,NAD83, 83.92, 10,NGVD29,18050004,qw,70341,,0,,wat,SED,17164666,0,1970-12-02,1970-12-02,2,San Mateo,06081
USGS,11162800,REDWOOD C A REDWOOD CITY CA,ST,37.44938279,-122.2335772,F,NAD83, 83.92, 10,NGVD29,18050004,qw,70342,,0,,wat,SED,17164666,0,1970-12-02,1970-12-02,2,San Mateo,06081
USGS,11162800,REDWOOD C A REDWOOD CITY CA,ST,37.44938279,-122.2335772,F,NAD83, 83.92, 10,NGVD29,18050004,qw,70343,,0,,wat,SED,17164666,0,1970-12-02,1970-12-02,2,San Mateo,06081
USGS,11162800,REDWOOD C A REDWOOD CITY CA,ST,37.44938279,-122.2335772,F,NAD83, 83.92, 10,NGVD29,18050004,qw,70344,,0,,wat,SED,17164666,0,1970-12-02,1970-12-02,2,San Mateo,06081
USGS,11162800,REDWOOD C A REDWOOD CITY CA,ST,37.44938279,-122.2335772,F,NAD83, 83.92, 10,NGVD29,18050004,qw,70345,,0,,wat,SED,17164666,0,1970-12-02,1970-12-02,2,San Mateo,06081
USGS,11162800,REDWOOD C A REDWOOD CITY CA,ST,37.44938279,-122.2335772,F,NAD83, 83.92, 10,NGVD29,18050004,qw,80154,,0,,wat,SED,17164666,0,1970-11-29,1971-03-26,4,San Mateo,06081
USGS,11162800,REDWOOD C A REDWOOD CITY CA,ST,37.44938279,-122.2335772,F,NAD83, 83.92, 10,NGVD29,18050004,qw,80155,,0,,wat,SED,17164591,0,1970-11-29,1971-03-26,4,San Mateo,06081
USGS,11162800,REDWOOD C A REDWOOD CITY CA,ST,37.44938279,-122.2335772,F,NAD83, 83.92, 10,NGVD29,18050004,sv,,,0,,wat,,0,0,1960-01-11,1997-10-21,119,San Mateo,06081
USGS,11162900,SHARON C NR MENLO PARK CA,ST,37.4291056,-122.2182991,F,NAD83, 146.18, 10,NGVD29,18050004,dv,00060,00003,8843,,wat,,1645423,0,1958-10-01,1969-10-16,4034,San Mateo,06081
USGS,11162900,SHARON C NR MENLO PARK CA,ST,37.4291056,-122.2182991,F,NAD83, 146.18, 10,NGVD29,18050004,pk,,,0,,wat,,0,0,1958-04-02,1969-01-26,12,San Mateo,06081
USGS,11162940,SAN FRANCISQUITO C BL LADERA DAMSITE CA,ST,37.40660625,-122.2041322,F,NAD83, 177.47, 10,NGVD29,18050003,dv,00060,00003,8844,,wat,,1645423,0,1961-10-01,1970-10-12,3299,San Mateo,06081
USGS,11162940,SAN FRANCISQUITO C BL LADERA DAMSITE CA,ST,37.40660625,-122.2041322,F,NAD83, 177.47, 10,NGVD29,18050003,pk,,,0,,wat,,0,0,1962-03-05,1970-01-21,9,San Mateo,06081
