doc_id,page_number,table_index,site_name,json_latitude,json_longitude,year,year_type,peak_date,peak_discharge_cfs,peak_gage_height_ft,mean_discharge_cfs,total_runoff_acre_ft,discharge_unit,quality_flag,notes,watersource_name,actual_latitude,actual_longitude,inferred_latitude,inferred_longitude,temporal_resolution,dates_of_recording,units_of_measurement
3217,210,1,"Sespe Creek near Fillmore, Calif.",,,1911,water_year,,,,,,cfs,,All data missing for 1911,Sespe Creek,,,,,Yearly,1911-1949,"{'Discharge': 'cubic feet per second (cfs)', 'Runoff': 'acre-feet'}"
3217,210,1,"Sespe Creek near Fillmore, Calif.",,,1912,water_year,,,,66.7,48300,cfs,o,"Minimum day = 0. Combined water year mean=63.4, runoff=46,000. Calendar year observed mean=63.4, runoff=46,000. No peak discharge recorded.",Sespe Creek,,,,,Yearly,1911-1949,"{'Discharge': 'cubic feet per second (cfs)', 'Runoff': 'acre-feet'}"
3217,210,1,"Sespe Creek near Fillmore, Calif.",,,1913,water_year,,,,121,87700,cfs,o,Minimum day = 0. No peak discharge recorded. Calendar year and combined data missing.,Sespe Creek,,,,,Yearly,1911-1949,"{'Discharge': 'cubic feet per second (cfs)', 'Runoff': 'acre-feet'}"
3217,210,1,"Sespe Creek near Fillmore, Calif.",,,1928,water_year,,,,23.1,16800,cfs,o,"Minimum day = 0. Combined water year mean=26.9, runoff=19,500. Calendar year observed mean=22.2, runoff=16,100. Calendar year combined mean=26.0, runoff=18,900.",Sespe Creek,,,,,Yearly,1911-1949,"{'Discharge': 'cubic feet per second (cfs)', 'Runoff': 'acre-feet'}"
3217,210,1,"Sespe Creek near Fillmore, Calif.",,,1929,water_year,,,,23.1,16700,cfs,o,"Minimum day = 0. Combined water year mean=26.1, runoff=18,900. Calendar year observed mean=20.6, runoff=14,900. Calendar year combined mean=23.9, runoff=17,300.",Sespe Creek,,,,,Yearly,1911-1949,"{'Discharge': 'cubic feet per second (cfs)', 'Runoff': 'acre-feet'}"
3217,210,1,"Sespe Creek near Fillmore, Calif.",,,1930,water_year,,,,21.4,15500,cfs,o,"Minimum day = 0. Combined water year mean=24.8, runoff=18,000. Calendar year observed mean=21.6, runoff=15,700. Calendar year combined mean=24.9, runoff=18,000.",Sespe Creek,,,,,Yearly,1911-1949,"{'Discharge': 'cubic feet per second (cfs)', 'Runoff': 'acre-feet'}"
3217,210,1,"Sespe Creek near Fillmore, Calif.",,,1931,water_year,,,,19.8,14300,cfs,o,"Minimum day = 0. Combined water year mean=23.3, runoff=16,900. Calendar year observed mean=37.8, runoff=27,300. Calendar year combined mean=41.0, runoff=29,700.",Sespe Creek,,,,,Yearly,1911-1949,"{'Discharge': 'cubic feet per second (cfs)', 'Runoff': 'acre-feet'}"
3217,210,1,"Sespe Creek near Fillmore, Calif.",,,1932,water_year,,,,110,80200,cfs,o,"Minimum day = 0. Combined water year mean=114, runoff=83,000. Calendar year observed mean=93.1, runoff=67,600. Calendar year combined mean=98.1, runoff=71,200.",Sespe Creek,,,,,Yearly,1911-1949,"{'Discharge': 'cubic feet per second (cfs)', 'Runoff': 'acre-feet'}"
3217,210,1,"Sespe Creek near Fillmore, Calif.",,,1933,water_year,1933-01-19,12000,,38.9,28100,cfs,o,"Minimum day = 0. Combined water year mean=44.4, runoff=32,200. Calendar year observed mean=55.5, runoff=40,200. Calendar year combined mean=60.4, runoff=43,700.",Sespe Creek,,,,,Yearly,1911-1949,"{'Discharge': 'cubic feet per second (cfs)', 'Runoff': 'acre-feet'}"
3217,210,1,"Sespe Creek near Fillmore, Calif.",,,1934,water_year,1933-12-31,34000,,68.0,49300,cfs,o,"Minimum day = 0. Combined water year mean=71.8, runoff=52,000. Calendar year observed mean=72.3, runoff=52,300. Calendar year combined mean=75.5, runoff=54,700.",Sespe Creek,,,,,Yearly,1911-1949,"{'Discharge': 'cubic feet per second (cfs)', 'Runoff': 'acre-feet'}"
3217,210,1,"Sespe Creek near Fillmore, Calif.",,,1935,water_year,1935-01-05,12500,,101,81260,cfs,e,"Peak marked with *=estimated. Minimum day = 0. Combined water year mean=115, runoff=83,600. Calendar year observed mean=91.7, runoff=66,400. Calendar year combined mean=95.8, runoff=69,340.",Sespe Creek,,,,,Yearly,1911-1949,"{'Discharge': 'cubic feet per second (cfs)', 'Runoff': 'acre-feet'}"
3217,210,1,"Sespe Creek near Fillmore, Calif.",,,1936,water_year,1936-02-12,7200,,67.3,48890,cfs,,"Minimum day = 0.1. Combined water year mean=72.6, runoff=52,730. Calendar year observed mean=90.3, runoff=65,570. Calendar year combined mean=95.2, runoff=69,140.",Sespe Creek,,,,,Yearly,1911-1949,"{'Discharge': 'cubic feet per second (cfs)', 'Runoff': 'acre-feet'}"
3217,210,1,"Sespe Creek near Fillmore, Calif.",,,1937,water_year,1937-02-14,12800,,229,165800,cfs,,"Minimum day = 0.1. Combined water year mean=236, runoff=171,000. Calendar year observed mean=210, runoff=152,100. Calendar year combined mean=219, runoff=158,800.",Sespe Creek,,,,,Yearly,1911-1949,"{'Discharge': 'cubic feet per second (cfs)', 'Runoff': 'acre-feet'}"
3217,210,1,"Sespe Creek near Fillmore, Calif.",,,1938,water_year,1938-03-02,56000,,321,232300,cfs,,"Minimum day = 0.3. Combined water year mean=330, runoff=239,000. Calendar year observed mean=328, runoff=237,600. Calendar year combined mean=338, runoff=244,700.",Sespe Creek,,,,,Yearly,1911-1949,"{'Discharge': 'cubic feet per second (cfs)', 'Runoff': 'acre-feet'}"
3217,210,1,"Sespe Creek near Fillmore, Calif.",,,1939,water_year,1939-03-09,5000,,55.1,39890,cfs,e,"Peak marked with *=estimated. Minimum day = 0.1. Combined water year mean=63.6, runoff=46,050. Calendar year observed mean=44.0, runoff=31,880. Calendar year combined mean=51.6, runoff=37,330.",Sespe Creek,,,,,Yearly,1911-1949,"{'Discharge': 'cubic feet per second (cfs)', 'Runoff': 'acre-feet'}"
3217,210,1,"Sespe Creek near Fillmore, Calif.",,,1940,water_year,1940-02-25,5500,,38.5,27920,cfs,e,"Peak marked with *=estimated. Minimum day = 0.1. Combined water year mean=44.8, runoff=32,500. Calendar year observed mean=61.4, runoff=44,590. Calendar year combined mean=66.1, runoff=47,990.",Sespe Creek,,,,,Yearly,1911-1949,"{'Discharge': 'cubic feet per second (cfs)', 'Runoff': 'acre-feet'}"
3217,210,1,"Sespe Creek near Fillmore, Calif.",,,1941,water_year,1941-03-04,17300,,513,371700,cfs,,"Minimum day = 0.2. Combined water year mean=519, runoff=375,600. Calendar year observed mean=506, runoff=366,000. Calendar year combined mean=512, runoff=370,900.",Sespe Creek,,,,,Yearly,1911-1949,"{'Discharge': 'cubic feet per second (cfs)', 'Runoff': 'acre-feet'}"
3217,210,1,"Sespe Creek near Fillmore, Calif.",,,1942,water_year,1941-12-28,3150,,51.4,37230,cfs,,"Minimum day = 0.2. Combined water year mean=58.3, runoff=42,240. Calendar year observed mean=35.5, runoff=25,670. Calendar year combined mean=41.8, runoff=30,290.",Sespe Creek,,,,,Yearly,1911-1949,"{'Discharge': 'cubic feet per second (cfs)', 'Runoff': 'acre-feet'}"
3217,210,1,"Sespe Creek near Fillmore, Calif.",,,1943,water_year,1943-01-23,44000,,229,165500,cfs,,"Minimum day = 0.2. OCR artifact: '44,000Jan.' parsed as '44,000 Jan. 23, 1943'. Combined water year mean=236, runoff=170,500. Calendar year observed mean=239, runoff=173,000. Calendar year combined mean=246, runoff=178,400.",Sespe Creek,,,,,Yearly,1911-1949,"{'Discharge': 'cubic feet per second (cfs)', 'Runoff': 'acre-feet'}"
3217,210,1,"Sespe Creek near Fillmore, Calif.",,,1944,water_year,1944-02-22,13000,,188,136700,cfs,,"Minimum day = 0.2. OCR artifact: '13,000Feb.' parsed as '13,000 Feb. 22, 1944'. Combined water year mean=197, runoff=143,100. Calendar year observed mean=189, runoff=136,900. Calendar year combined mean=197, runoff=143,200.",Sespe Creek,,,,,Yearly,1911-1949,"{'Discharge': 'cubic feet per second (cfs)', 'Runoff': 'acre-feet'}"
3217,210,1,"Sespe Creek near Fillmore, Calif.",,,1945,water_year,1945-02-02,11500,,68.2,49370,cfs,,"Minimum day = 0.4. OCR artifact: '11,500Feb.' parsed as '11,500 Feb. 2, 1945'. Combined water year mean=75.2, runoff=54,460. Calendar year observed mean=81.5, runoff=58,980. Calendar year combined mean=88.0, runoff=63,720.",Sespe Creek,,,,,Yearly,1911-1949,"{'Discharge': 'cubic feet per second (cfs)', 'Runoff': 'acre-feet'}"
3217,210,1,"Sespe Creek near Fillmore, Calif.",,,1946,water_year,1946-03-30,11300,,82.2,59480,cfs,,"Minimum day = 0.2 (OCR shows ',2'). Combined water year mean=89.0, runoff=64,450. Calendar year observed mean=98.3, runoff=71,160. Calendar year combined mean=105, runoff=75,800.",Sespe Creek,,,,,Yearly,1911-1949,"{'Discharge': 'cubic feet per second (cfs)', 'Runoff': 'acre-feet'}"
3217,210,1,"Sespe Creek near Fillmore, Calif.",,,1947,water_year,1946-12-25,4850,,56.3,40730,cfs,,"Minimum day = 0.2. OCR artifact: '4,850Dec.' parsed as '4,850 Dec. 25, 1946'. Combined water year mean=62.6, runoff=45,340. Calendar year observed mean=15.9, runoff=11,490. Calendar year combined mean=22.2, runoff=16,050.",Sespe Creek,,,,,Yearly,1911-1949,"{'Discharge': 'cubic feet per second (cfs)', 'Runoff': 'acre-feet'}"
3217,210,1,"Sespe Creek near Fillmore, Calif.",,,1948,water_year,1948-03-24,748,,6.05,4380,cfs,,"Minimum day = 0.2. OCR artifact: '748Mar. 24, 1948' parsed as peak=748. Combined water year mean=11.0, runoff=7,960. Calendar year observed mean=6.18, runoff=4,480. Calendar year combined mean=10.8, runoff=7,860.",Sespe Creek,,,,,Yearly,1911-1949,"{'Discharge': 'cubic feet per second (cfs)', 'Runoff': 'acre-feet'}"
3217,210,1,"Sespe Creek near Fillmore, Calif.",,,1949,water_year,1949-03-11,725,,8.6,6230,cfs,,"Minimum day = 0.01. Combined water year mean=12.5, runoff=9,070. Calendar year observed mean=10.8, runoff=7,780. Calendar year combined mean=14.6, runoff=10,540.",Sespe Creek,,,,,Yearly,1911-1949,"{'Discharge': 'cubic feet per second (cfs)', 'Runoff': 'acre-feet'}"
3217,210,1,"Sespe Creek near Fillmore, Calif.",,,1950,water_year,1950-02-06,3000,,19.2,13920,cfs,,"Minimum day = 0.05. OCR artifact: '3,000Feb' parsed as '3,000 Feb. 6, 1950'. Combined water year mean=23.3, runoff=16,900. Calendar year data missing (dashes).",Sespe Creek,,,,,Yearly,1911-1949,"{'Discharge': 'cubic feet per second (cfs)', 'Runoff': 'acre-feet'}"
3217,210,3,"Santa Paula Creek below Sisar Creek, near Santa Paula, Calif.",34.4264,-119.0875,1913,water_year,,,,15.7,11400,cfs,,From 'The year' column in monthly table.,Santa Paula Creek below Sisar Creek,34.392778,-119.087222,,,Monthly and yearly,1912-1913,"{'Discharge': 'cubic feet per second (cfs)', 'Runoff': 'acre-feet'}"
1607,414,1,"Turlook canal near La Grange, Calif.",,,1927,water_year,,1850,,643,465000,cfs,o,Minimum day is 0 (quality flag o). Water year ending Sept. 30.,Turlook Canal,,,37.9,-120.2,Annual,1927-01/01/1927-09/30/1939,Second-feet and acre-feet
1607,414,1,"Turlook canal near La Grange, Calif.",,,1927,calendar_year,,1850,,668,484000,cfs,o,Minimum day is 0 (quality flag o). Calendar year.,Turlook Canal,,,37.9,-120.2,Annual,1927-01/01/1927-09/30/1939,Second-feet and acre-feet
1607,414,1,"Turlook canal near La Grange, Calif.",,,1928,water_year,,1900,,694,504000,cfs,o,Minimum day is 0 (quality flag o).,Turlook Canal,,,37.9,-120.2,Annual,1927-01/01/1927-09/30/1939,Second-feet and acre-feet
1607,414,1,"Turlook canal near La Grange, Calif.",,,1928,calendar_year,,1900,,664,482000,cfs,o,Minimum day is 0 (quality flag o).,Turlook Canal,,,37.9,-120.2,Annual,1927-01/01/1927-09/30/1939,Second-feet and acre-feet
1607,414,1,"Turlook canal near La Grange, Calif.",,,1929,water_year,,1820,,642,465000,cfs,o,Minimum day is 0 (quality flag o).,Turlook Canal,,,37.9,-120.2,Annual,1927-01/01/1927-09/30/1939,Second-feet and acre-feet
1607,414,1,"Turlook canal near La Grange, Calif.",,,1929,calendar_year,,1820,,650,470500,cfs,o,"Calendar year mean OCR reads '6E0', interpreted as 650. Minimum day is 0 (quality flag o).",Turlook Canal,,,37.9,-120.2,Annual,1927-01/01/1927-09/30/1939,Second-feet and acre-feet
1607,414,1,"Turlook canal near La Grange, Calif.",,,1930,water_year,,1880,,643,466000,cfs,,,Turlook Canal,,,37.9,-120.2,Annual,1927-01/01/1927-09/30/1939,Second-feet and acre-feet
1607,414,1,"Turlook canal near La Grange, Calif.",,,1930,calendar_year,,1840,,673,487000,cfs,,,Turlook Canal,,,37.9,-120.2,Annual,1927-01/01/1927-09/30/1939,Second-feet and acre-feet
1607,414,1,"Turlook canal near La Grange, Calif.",,,1931,water_year,,1390,,541,391000,cfs,,,Turlook Canal,,,37.9,-120.2,Annual,1927-01/01/1927-09/30/1939,Second-feet and acre-feet
1607,414,1,"Turlook canal near La Grange, Calif.",,,1931,calendar_year,,1390,,479,347000,cfs,,Minimum day is '-' (blank).,Turlook Canal,,,37.9,-120.2,Annual,1927-01/01/1927-09/30/1939,Second-feet and acre-feet
1607,414,1,"Turlook canal near La Grange, Calif.",,,1932,water_year,,1840,,732,531000,cfs,,Minimum day is '-' (blank).,Turlook Canal,,,37.9,-120.2,Annual,1927-01/01/1927-09/30/1939,Second-feet and acre-feet
1607,414,1,"Turlook canal near La Grange, Calif.",,,1932,calendar_year,,1840,,784,569000,cfs,,Minimum day is '-' (blank).,Turlook Canal,,,37.9,-120.2,Annual,1927-01/01/1927-09/30/1939,Second-feet and acre-feet
1607,414,1,"Turlook canal near La Grange, Calif.",,,1933,water_year,,1750,,706,511000,cfs,,,Turlook Canal,,,37.9,-120.2,Annual,1927-01/01/1927-09/30/1939,Second-feet and acre-feet
1607,414,1,"Turlook canal near La Grange, Calif.",,,1933,calendar_year,,1750,,689,498000,cfs,o,Minimum day is 0 (quality flag o).,Turlook Canal,,,37.9,-120.2,Annual,1927-01/01/1927-09/30/1939,Second-feet and acre-feet
1607,414,1,"Turlook canal near La Grange, Calif.",,,1934,water_year,,1880,,680,492000,cfs,o,Minimum day is 0 (quality flag o).,Turlook Canal,,,37.9,-120.2,Annual,1927-01/01/1927-09/30/1939,Second-feet and acre-feet
1607,414,1,"Turlook canal near La Grange, Calif.",,,1934,calendar_year,,1880,,687,497100,cfs,o,Minimum day is 0 (quality flag o).,Turlook Canal,,,37.9,-120.2,Annual,1927-01/01/1927-09/30/1939,Second-feet and acre-feet
1607,414,1,"Turlook canal near La Grange, Calif.",,,1935,water_year,,1860,,694,502500,cfs,,,Turlook Canal,,,37.9,-120.2,Annual,1927-01/01/1927-09/30/1939,Second-feet and acre-feet
1607,414,1,"Turlook canal near La Grange, Calif.",,,1935,calendar_year,,1860,,695,502900,cfs,,,Turlook Canal,,,37.9,-120.2,Annual,1927-01/01/1927-09/30/1939,Second-feet and acre-feet
1607,414,1,"Turlook canal near La Grange, Calif.",,,1936,water_year,,1810,,688,499100,cfs,o,Minimum day is 0 (quality flag o).,Turlook Canal,,,37.9,-120.2,Annual,1927-01/01/1927-09/30/1939,Second-feet and acre-feet
1607,414,1,"Turlook canal near La Grange, Calif.",,,1936,calendar_year,,1810,,686,498100,cfs,o,"Calendar year mean OCR reads '68 6', interpreted as 686. Minimum day is 0 (quality flag o).",Turlook Canal,,,37.9,-120.2,Annual,1927-01/01/1927-09/30/1939,Second-feet and acre-feet
1607,414,1,"Turlook canal near La Grange, Calif.",,,1937,water_year,,1760,,677,490400,cfs,o,Minimum day is 0 (quality flag o).,Turlook Canal,,,37.9,-120.2,Annual,1927-01/01/1927-09/30/1939,Second-feet and acre-feet
1607,414,1,"Turlook canal near La Grange, Calif.",,,1937,calendar_year,,1760,,630,455900,cfs,o,Minimum day is 0 (quality flag o).,Turlook Canal,,,37.9,-120.2,Annual,1927-01/01/1927-09/30/1939,Second-feet and acre-feet
1607,414,1,"Turlook canal near La Grange, Calif.",,,1938,water_year,,1780,,588,426000,cfs,o,Minimum day is 0 (quality flag o).,Turlook Canal,,,37.9,-120.2,Annual,1927-01/01/1927-09/30/1939,Second-feet and acre-feet
1607,414,1,"Turlook canal near La Grange, Calif.",,,1938,calendar_year,,1780,,660,477500,cfs,o,Minimum day is 0 (quality flag o).,Turlook Canal,,,37.9,-120.2,Annual,1927-01/01/1927-09/30/1939,Second-feet and acre-feet
1607,414,1,"Turlook canal near La Grange, Calif.",,,1939,water_year,,2110,,742,537400,cfs,,No calendar year data for 1939.,Turlook Canal,,,37.9,-120.2,Annual,1927-01/01/1927-09/30/1939,Second-feet and acre-feet
1607,414,3,"Middle Fork of Stanislaus River at Sand Bar Flat, near Avery, Calif.",,,1906,water_year,,5420,,1190,862000,cfs,,,Middle Fork of Stanislaus River,,,37.7,-120.9,Annual,1906-01/01/1906-09/30/1939,Second-feet and acre-feet
1607,414,3,"Middle Fork of Stanislaus River at Sand Bar Flat, near Avery, Calif.",,,1906,calendar_year,,5420,,1210,875000,cfs,,,Middle Fork of Stanislaus River,,,37.7,-120.9,Annual,1906-01/01/1906-09/30/1939,Second-feet and acre-feet
1607,414,3,"Middle Fork of Stanislaus River at Sand Bar Flat, near Avery, Calif.",,,1907,water_year,,9760,,1280,929000,cfs,,,Middle Fork of Stanislaus River,,,37.7,-120.9,Annual,1906-01/01/1906-09/30/1939,Second-feet and acre-feet
1607,414,3,"Middle Fork of Stanislaus River at Sand Bar Flat, near Avery, Calif.",,,1907,calendar_year,,9760,,1280,930000,cfs,,,Middle Fork of Stanislaus River,,,37.7,-120.9,Annual,1906-01/01/1906-09/30/1939,Second-feet and acre-feet
1607,414,3,"Middle Fork of Stanislaus River at Sand Bar Flat, near Avery, Calif.",,,1908,water_year,,1540,,398,289000,cfs,,,Middle Fork of Stanislaus River,,,37.7,-120.9,Annual,1906-01/01/1906-09/30/1939,Second-feet and acre-feet
1607,414,3,"Middle Fork of Stanislaus River at Sand Bar Flat, near Avery, Calif.",,,1908,calendar_year,,1540,,379,275000,cfs,,"Calendar year minimum day reads '44,9' — interpreted as 44.9 (comma as decimal).",Middle Fork of Stanislaus River,,,37.7,-120.9,Annual,1906-01/01/1906-09/30/1939,Second-feet and acre-feet
1607,414,3,"Middle Fork of Stanislaus River at Sand Bar Flat, near Avery, Calif.",,,1910,water_year,,4040,,826,599000,cfs,,Year 1909 missing from table.,Middle Fork of Stanislaus River,,,37.7,-120.9,Annual,1906-01/01/1906-09/30/1939,Second-feet and acre-feet
1607,414,3,"Middle Fork of Stanislaus River at Sand Bar Flat, near Avery, Calif.",,,1910,calendar_year,,4040,,710,558000,cfs,,"Calendar year mean OCR reads '7'10', interpreted as 710.",Middle Fork of Stanislaus River,,,37.7,-120.9,Annual,1906-01/01/1906-09/30/1939,Second-feet and acre-feet
1607,414,3,"Middle Fork of Stanislaus River at Sand Bar Flat, near Avery, Calif.",,,1911,water_year,,4790,,1110,802000,cfs,,,Middle Fork of Stanislaus River,,,37.7,-120.9,Annual,1906-01/01/1906-09/30/1939,Second-feet and acre-feet
1607,414,3,"Middle Fork of Stanislaus River at Sand Bar Flat, near Avery, Calif.",,,1911,calendar_year,,4790,,1110,801000,cfs,,,Middle Fork of Stanislaus River,,,37.7,-120.9,Annual,1906-01/01/1906-09/30/1939,Second-feet and acre-feet
1607,414,3,"Middle Fork of Stanislaus River at Sand Bar Flat, near Avery, Calif.",,,1912,water_year,,3010,,386,280000,cfs,,,Middle Fork of Stanislaus River,,,37.7,-120.9,Annual,1906-01/01/1906-09/30/1939,Second-feet and acre-feet
1607,414,3,"Middle Fork of Stanislaus River at Sand Bar Flat, near Avery, Calif.",,,1912,calendar_year,,3010,,374,273000,cfs,,,Middle Fork of Stanislaus River,,,37.7,-120.9,Annual,1906-01/01/1906-09/30/1939,Second-feet and acre-feet
1607,414,3,"Middle Fork of Stanislaus River at Sand Bar Flat, near Avery, Calif.",,,1913,water_year,,1920,,389,281000,cfs,,,Middle Fork of Stanislaus River,,,37.7,-120.9,Annual,1906-01/01/1906-09/30/1939,Second-feet and acre-feet
1607,414,3,"Middle Fork of Stanislaus River at Sand Bar Flat, near Avery, Calif.",,,1913,calendar_year,,1920,,389,281000,cfs,,,Middle Fork of Stanislaus River,,,37.7,-120.9,Annual,1906-01/01/1906-09/30/1939,Second-feet and acre-feet
1607,414,3,"Middle Fork of Stanislaus River at Sand Bar Flat, near Avery, Calif.",,,1914,water_year,,5640,,941,683000,cfs,,,Middle Fork of Stanislaus River,,,37.7,-120.9,Annual,1906-01/01/1906-09/30/1939,Second-feet and acre-feet
1607,414,3,"Middle Fork of Stanislaus River at Sand Bar Flat, near Avery, Calif.",,,1914,calendar_year,,5640,,954,692000,cfs,,,Middle Fork of Stanislaus River,,,37.7,-120.9,Annual,1906-01/01/1906-09/30/1939,Second-feet and acre-feet
1607,414,3,"Middle Fork of Stanislaus River at Sand Bar Flat, near Avery, Calif.",,,1915,water_year,,4420,,911,660000,cfs,,,Middle Fork of Stanislaus River,,,37.7,-120.9,Annual,1906-01/01/1906-09/30/1939,Second-feet and acre-feet
1607,414,3,"Middle Fork of Stanislaus River at Sand Bar Flat, near Avery, Calif.",,,1915,calendar_year,,4420,,899,651000,cfs,,,Middle Fork of Stanislaus River,,,37.7,-120.9,Annual,1906-01/01/1906-09/30/1939,Second-feet and acre-feet
1607,414,3,"Middle Fork of Stanislaus River at Sand Bar Flat, near Avery, Calif.",,,1916,water_year,,4110,,1050,760000,cfs,,,Middle Fork of Stanislaus River,,,37.7,-120.9,Annual,1906-01/01/1906-09/30/1939,Second-feet and acre-feet
1607,414,3,"Middle Fork of Stanislaus River at Sand Bar Flat, near Avery, Calif.",,,1916,calendar_year,,4110,,1080,781000,cfs,,,Middle Fork of Stanislaus River,,,37.7,-120.9,Annual,1906-01/01/1906-09/30/1939,Second-feet and acre-feet
1607,414,3,"Middle Fork of Stanislaus River at Sand Bar Flat, near Avery, Calif.",,,1917,water_year,,4270,,941,681500,cfs,,,Middle Fork of Stanislaus River,,,37.7,-120.9,Annual,1906-01/01/1906-09/30/1939,Second-feet and acre-feet
1607,414,3,"Middle Fork of Stanislaus River at Sand Bar Flat, near Avery, Calif.",,,1917,calendar_year,,4270,,927,664000,cfs,,"Calendar year mean OCR reads '92.7', interpreted as 927 (likely OCR artifact — decimal misplaced).",Middle Fork of Stanislaus River,,,37.7,-120.9,Annual,1906-01/01/1906-09/30/1939,Second-feet and acre-feet
1607,414,3,"Middle Fork of Stanislaus River at Sand Bar Flat, near Avery, Calif.",,,1918,water_year,,2860,,576,417000,cfs,,,Middle Fork of Stanislaus River,,,37.7,-120.9,Annual,1906-01/01/1906-09/30/1939,Second-feet and acre-feet
1607,414,3,"Middle Fork of Stanislaus River at Sand Bar Flat, near Avery, Calif.",,,1918,calendar_year,,2860,,593,430000,cfs,,,Middle Fork of Stanislaus River,,,37.7,-120.9,Annual,1906-01/01/1906-09/30/1939,Second-feet and acre-feet
1607,414,3,"Middle Fork of Stanislaus River at Sand Bar Flat, near Avery, Calif.",,,1919,water_year,,2320,,428,310000,cfs,,,Middle Fork of Stanislaus River,,,37.7,-120.9,Annual,1906-01/01/1906-09/30/1939,Second-feet and acre-feet
1607,414,3,"Middle Fork of Stanislaus River at Sand Bar Flat, near Avery, Calif.",,,1919,calendar_year,,2320,,392,284000,cfs,,,Middle Fork of Stanislaus River,,,37.7,-120.9,Annual,1906-01/01/1906-09/30/1939,Second-feet and acre-feet
1607,414,3,"Middle Fork of Stanislaus River at Sand Bar Flat, near Avery, Calif.",,,1920,water_year,,2380,,419,304000,cfs,,,Middle Fork of Stanislaus River,,,37.7,-120.9,Annual,1906-01/01/1906-09/30/1939,Second-feet and acre-feet
1607,414,3,"Middle Fork of Stanislaus River at Sand Bar Flat, near Avery, Calif.",,,1920,calendar_year,,2380,,447,324000,cfs,,,Middle Fork of Stanislaus River,,,37.7,-120.9,Annual,1906-01/01/1906-09/30/1939,Second-feet and acre-feet
1607,414,3,"Middle Fork of Stanislaus River at Sand Bar Flat, near Avery, Calif.",,,1921,water_year,,2950,,695,503000,cfs,,,Middle Fork of Stanislaus River,,,37.7,-120.9,Annual,1906-01/01/1906-09/30/1939,Second-feet and acre-feet
1607,414,3,"Middle Fork of Stanislaus River at Sand Bar Flat, near Avery, Calif.",,,1921,calendar_year,,2950,,674,488000,cfs,,,Middle Fork of Stanislaus River,,,37.7,-120.9,Annual,1906-01/01/1906-09/30/1939,Second-feet and acre-feet
1607,414,3,"Middle Fork of Stanislaus River at Sand Bar Flat, near Avery, Calif.",,,1922,water_year,,4310,,801,580000,cfs,,,Middle Fork of Stanislaus River,,,37.7,-120.9,Annual,1906-01/01/1906-09/30/1939,Second-feet and acre-feet
1607,414,3,"Middle Fork of Stanislaus River at Sand Bar Flat, near Avery, Calif.",,,1922,calendar_year,,4310,,820,594000,cfs,,,Middle Fork of Stanislaus River,,,37.7,-120.9,Annual,1906-01/01/1906-09/30/1939,Second-feet and acre-feet
1607,414,3,"Middle Fork of Stanislaus River at Sand Bar Flat, near Avery, Calif.",,,1923,water_year,,2430,,583,422000,cfs,,,Middle Fork of Stanislaus River,,,37.7,-120.9,Annual,1906-01/01/1906-09/30/1939,Second-feet and acre-feet
1607,414,3,"Middle Fork of Stanislaus River at Sand Bar Flat, near Avery, Calif.",,,1923,calendar_year,,2430,,576,417000,cfs,,,Middle Fork of Stanislaus River,,,37.7,-120.9,Annual,1906-01/01/1906-09/30/1939,Second-feet and acre-feet
1607,414,3,"Middle Fork of Stanislaus River at Sand Bar Flat, near Avery, Calif.",,,1924,water_year,,796,,202,147000,cfs,,,Middle Fork of Stanislaus River,,,37.7,-120.9,Annual,1906-01/01/1906-09/30/1939,Second-feet and acre-feet
1607,414,3,"Middle Fork of Stanislaus River at Sand Bar Flat, near Avery, Calif.",,,1924,calendar_year,,874,,208,151000,cfs,,,Middle Fork of Stanislaus River,,,37.7,-120.9,Annual,1906-01/01/1906-09/30/1939,Second-feet and acre-feet
1607,414,3,"Middle Fork of Stanislaus River at Sand Bar Flat, near Avery, Calif.",,,1925,water_year,,5130,,841,608000,cfs,,,Middle Fork of Stanislaus River,,,37.7,-120.9,Annual,1906-01/01/1906-09/30/1939,Second-feet and acre-feet
1607,414,3,"Middle Fork of Stanislaus River at Sand Bar Flat, near Avery, Calif.",,,1925,calendar_year,,5130,,841,608000,cfs,,,Middle Fork of Stanislaus River,,,37.7,-120.9,Annual,1906-01/01/1906-09/30/1939,Second-feet and acre-feet
1607,414,3,"Middle Fork of Stanislaus River at Sand Bar Flat, near Avery, Calif.",,,1926,water_year,,2040,,452,327000,cfs,,,Middle Fork of Stanislaus River,,,37.7,-120.9,Annual,1906-01/01/1906-09/30/1939,Second-feet and acre-feet
1607,414,3,"Middle Fork of Stanislaus River at Sand Bar Flat, near Avery, Calif.",,,1926,calendar_year,,2040,,448,325000,cfs,,,Middle Fork of Stanislaus River,,,37.7,-120.9,Annual,1906-01/01/1906-09/30/1939,Second-feet and acre-feet
1607,414,3,"Middle Fork of Stanislaus River at Sand Bar Flat, near Avery, Calif.",,,1927,water_year,,3240,,746,540000,cfs,,,Middle Fork of Stanislaus River,,,37.7,-120.9,Annual,1906-01/01/1906-09/30/1939,Second-feet and acre-feet
1607,414,3,"Middle Fork of Stanislaus River at Sand Bar Flat, near Avery, Calif.",,,1927,calendar_year,,3240,,747,541000,cfs,,,Middle Fork of Stanislaus River,,,37.7,-120.9,Annual,1906-01/01/1906-09/30/1939,Second-feet and acre-feet
1607,414,3,"Middle Fork of Stanislaus River at Sand Bar Flat, near Avery, Calif.",,,1928,water_year,,6740,,562,408000,cfs,,,Middle Fork of Stanislaus River,,,37.7,-120.9,Annual,1906-01/01/1906-09/30/1939,Second-feet and acre-feet
1607,414,3,"Middle Fork of Stanislaus River at Sand Bar Flat, near Avery, Calif.",,,1928,calendar_year,,6740,,537,390000,cfs,,,Middle Fork of Stanislaus River,,,37.7,-120.9,Annual,1906-01/01/1906-09/30/1939,Second-feet and acre-feet
1607,414,3,"Middle Fork of Stanislaus River at Sand Bar Flat, near Avery, Calif.",,,1929,water_year,,2990,,355,257000,cfs,,,Middle Fork of Stanislaus River,,,37.7,-120.9,Annual,1906-01/01/1906-09/30/1939,Second-feet and acre-feet
1607,414,3,"Middle Fork of Stanislaus River at Sand Bar Flat, near Avery, Calif.",,,1929,calendar_year,,2990,,358,259000,cfs,,,Middle Fork of Stanislaus River,,,37.7,-120.9,Annual,1906-01/01/1906-09/30/1939,Second-feet and acre-feet
1607,414,3,"Middle Fork of Stanislaus River at Sand Bar Flat, near Avery, Calif.",,,1930,water_year,,2210,,468,339000,cfs,,,Middle Fork of Stanislaus River,,,37.7,-120.9,Annual,1906-01/01/1906-09/30/1939,Second-feet and acre-feet
1607,414,3,"Middle Fork of Stanislaus River at Sand Bar Flat, near Avery, Calif.",,,1930,calendar_year,,2210,,482,349000,cfs,,,Middle Fork of Stanislaus River,,,37.7,-120.9,Annual,1906-01/01/1906-09/30/1939,Second-feet and acre-feet
1607,414,3,"Middle Fork of Stanislaus River at Sand Bar Flat, near Avery, Calif.",,,1931,water_year,,1020,,246,178000,cfs,,,Middle Fork of Stanislaus River,,,37.7,-120.9,Annual,1906-01/01/1906-09/30/1939,Second-feet and acre-feet
1607,414,3,"Middle Fork of Stanislaus River at Sand Bar Flat, near Avery, Calif.",,,1931,calendar_year,,1020,,241,174000,cfs,,,Middle Fork of Stanislaus River,,,37.7,-120.9,Annual,1906-01/01/1906-09/30/1939,Second-feet and acre-feet
1607,414,3,"Middle Fork of Stanislaus River at Sand Bar Flat, near Avery, Calif.",,,1932,water_year,,3940,,789,573000,cfs,,,Middle Fork of Stanislaus River,,,37.7,-120.9,Annual,1906-01/01/1906-09/30/1939,Second-feet and acre-feet
1607,414,3,"Middle Fork of Stanislaus River at Sand Bar Flat, near Avery, Calif.",,,1932,calendar_year,,3940,,798,579000,cfs,,,Middle Fork of Stanislaus River,,,37.7,-120.9,Annual,1906-01/01/1906-09/30/1939,Second-feet and acre-feet
1607,414,3,"Middle Fork of Stanislaus River at Sand Bar Flat, near Avery, Calif.",,,1933,water_year,,3090,,458,332000,cfs,,,Middle Fork of Stanislaus River,,,37.7,-120.9,Annual,1906-01/01/1906-09/30/1939,Second-feet and acre-feet
1607,414,3,"Middle Fork of Stanislaus River at Sand Bar Flat, near Avery, Calif.",,,1933,calendar_year,,3090,,450,326000,cfs,,,Middle Fork of Stanislaus River,,,37.7,-120.9,Annual,1906-01/01/1906-09/30/1939,Second-feet and acre-feet
1607,414,3,"Middle Fork of Stanislaus River at Sand Bar Flat, near Avery, Calif.",,,1934,water_year,,1110,,321,232000,cfs,,,Middle Fork of Stanislaus River,,,37.7,-120.9,Annual,1906-01/01/1906-09/30/1939,Second-feet and acre-feet
1607,414,3,"Middle Fork of Stanislaus River at Sand Bar Flat, near Avery, Calif.",,,1934,calendar_year,,1100,,348,251600,cfs,,,Middle Fork of Stanislaus River,,,37.7,-120.9,Annual,1906-01/01/1906-09/30/1939,Second-feet and acre-feet
1607,414,3,"Middle Fork of Stanislaus River at Sand Bar Flat, near Avery, Calif.",,,1935,water_year,,4340,,838,606600,cfs,,,Middle Fork of Stanislaus River,,,37.7,-120.9,Annual,1906-01/01/1906-09/30/1939,Second-feet and acre-feet
1607,414,3,"Middle Fork of Stanislaus River at Sand Bar Flat, near Avery, Calif.",,,1935,calendar_year,,4340,,822,595000,cfs,,,Middle Fork of Stanislaus River,,,37.7,-120.9,Annual,1906-01/01/1906-09/30/1939,Second-feet and acre-feet
1607,414,3,"Middle Fork of Stanislaus River at Sand Bar Flat, near Avery, Calif.",,,1936,water_year,,4100,,835,605900,cfs,,,Middle Fork of Stanislaus River,,,37.7,-120.9,Annual,1906-01/01/1906-09/30/1939,Second-feet and acre-feet
1607,414,3,"Middle Fork of Stanislaus River at Sand Bar Flat, near Avery, Calif.",,,1936,calendar_year,,4100,,831,603300,cfs,,,Middle Fork of Stanislaus River,,,37.7,-120.9,Annual,1906-01/01/1906-09/30/1939,Second-feet and acre-feet
1607,414,3,"Middle Fork of Stanislaus River at Sand Bar Flat, near Avery, Calif.",,,1937,water_year,,4460,,711,514600,cfs,,"Water year peak 4,460; calendar year peak 18,500 — these appear swapped or represent different events. Table row shows water year peak as 4,460 and calendar year peak as 18,500.",Middle Fork of Stanislaus River,,,37.7,-120.9,Annual,1906-01/01/1906-09/30/1939,Second-feet and acre-feet
1607,414,3,"Middle Fork of Stanislaus River at Sand Bar Flat, near Avery, Calif.",,,1937,calendar_year,,18500,,809,585900,cfs,,,Middle Fork of Stanislaus River,,,37.7,-120.9,Annual,1906-01/01/1906-09/30/1939,Second-feet and acre-feet
1607,414,3,"Middle Fork of Stanislaus River at Sand Bar Flat, near Avery, Calif.",,,1938,water_year,,18500,,1212,877400,cfs,,,Middle Fork of Stanislaus River,,,37.7,-120.9,Annual,1906-01/01/1906-09/30/1939,Second-feet and acre-feet
1607,414,3,"Middle Fork of Stanislaus River at Sand Bar Flat, near Avery, Calif.",,,1938,calendar_year,,6900,,1139,824500,cfs,,,Middle Fork of Stanislaus River,,,37.7,-120.9,Annual,1906-01/01/1906-09/30/1939,Second-feet and acre-feet
1607,414,3,"Middle Fork of Stanislaus River at Sand Bar Flat, near Avery, Calif.",,,1939,water_year,,1670,,395,286200,cfs,,No calendar year data for 1939.,Middle Fork of Stanislaus River,,,37.7,-120.9,Annual,1906-01/01/1906-09/30/1939,Second-feet and acre-feet
2913,70,1,"Yearly discharge, in cubic feet per second, of Bear River at Pescadero, Idaho",,,1923,water_year,1922-06-02,3730,,1230,892000,cfs,,"First 1923 row; peak date June 2 1922 suggests this may be water year ending Sept 30 1922 (labeled 1923 in WSP). Minimum day blank. Calendar year mean=1240, runoff=896400.",Georgetown Creek,42.5,-111.3166667,,,Yearly and Monthly,1923-01-01-1950-12-31,"{'Discharge': 'cubic feet per second (cfs)', 'Runoff': 'acre-feet'}"
2913,70,1,"Yearly discharge, in cubic feet per second, of Bear River at Pescadero, Idaho",,,1923,water_year,1923-06-10,3840,,1290,932000,cfs,,"Second 1923 row; minimum day=469. Calendar year mean=1310, runoff=953700.",Georgetown Creek,42.5,-111.3166667,,,Yearly and Monthly,1923-01-01-1950-12-31,"{'Discharge': 'cubic feet per second (cfs)', 'Runoff': 'acre-feet'}"
2913,70,1,"Yearly discharge, in cubic feet per second, of Bear River at Pescadero, Idaho",,,1924,water_year,1924-08-11,1800,,1030,745400,cfs,,"Peak date Aug. 11,12 1924; minimum day=322. Calendar year mean=978, runoff=710000.",Georgetown Creek,42.5,-111.3166667,,,Yearly and Monthly,1923-01-01-1950-12-31,"{'Discharge': 'cubic feet per second (cfs)', 'Runoff': 'acre-feet'}"
2913,70,1,"Yearly discharge, in cubic feet per second, of Bear River at Pescadero, Idaho",,,1925,water_year,1925-07-22,1280,,718,519600,cfs,,"Minimum day=161. Calendar year mean=674, runoff=488800.",Georgetown Creek,42.5,-111.3166667,,,Yearly and Monthly,1923-01-01-1950-12-31,"{'Discharge': 'cubic feet per second (cfs)', 'Runoff': 'acre-feet'}"
2913,70,1,"Yearly discharge, in cubic feet per second, of Bear River at Pescadero, Idaho",,,1926,water_year,1926-08-06,1410,,755,546700,cfs,,"Minimum day=276. Calendar year mean=798, runoff=579100.",Georgetown Creek,42.5,-111.3166667,,,Yearly and Monthly,1923-01-01-1950-12-31,"{'Discharge': 'cubic feet per second (cfs)', 'Runoff': 'acre-feet'}"
2913,70,1,"Yearly discharge, in cubic feet per second, of Bear River at Pescadero, Idaho",,,1927,water_year,1927-07-30,1390,,714,517200,cfs,,"Minimum day=160. Calendar year mean=593, runoff=429400.",Georgetown Creek,42.5,-111.3166667,,,Yearly and Monthly,1923-01-01-1950-12-31,"{'Discharge': 'cubic feet per second (cfs)', 'Runoff': 'acre-feet'}"
2913,70,1,"Yearly discharge, in cubic feet per second, of Bear River at Pescadero, Idaho",,,1928,water_year,1928-08-03,1210,,487,353800,cfs,,"Minimum day=110. Calendar year mean=552, runoff=401700.",Georgetown Creek,42.5,-111.3166667,,,Yearly and Monthly,1923-01-01-1950-12-31,"{'Discharge': 'cubic feet per second (cfs)', 'Runoff': 'acre-feet'}"
2913,70,1,"Yearly discharge, in cubic feet per second, of Bear River at Pescadero, Idaho",,,1929,water_year,1929-07-18,1150,,537,388600,cfs,,"Minimum day=120. Calendar year mean=486, runoff=352600.",Georgetown Creek,42.5,-111.3166667,,,Yearly and Monthly,1923-01-01-1950-12-31,"{'Discharge': 'cubic feet per second (cfs)', 'Runoff': 'acre-feet'}"
2913,70,1,"Yearly discharge, in cubic feet per second, of Bear River at Pescadero, Idaho",,,1930,water_year,1930-07-10,1260,,522,377600,cfs,,"Minimum day=100. Calendar year mean=511, runoff=372000.",Georgetown Creek,42.5,-111.3166667,,,Yearly and Monthly,1923-01-01-1950-12-31,"{'Discharge': 'cubic feet per second (cfs)', 'Runoff': 'acre-feet'}"
2913,70,1,"Yearly discharge, in cubic feet per second, of Bear River at Pescadero, Idaho",,,1931,water_year,1931-07-30,1330,,467,337900,cfs,,"Minimum day=50. Calendar year mean=410, runoff=298400.",Georgetown Creek,42.5,-111.3166667,,,Yearly and Monthly,1923-01-01-1950-12-31,"{'Discharge': 'cubic feet per second (cfs)', 'Runoff': 'acre-feet'}"
2913,70,1,"Yearly discharge, in cubic feet per second, of Bear River at Pescadero, Idaho",,,1932,water_year,,1050,,283,205600,cfs,,"Peak date footnote (b) = July 31, Aug. 17, 18, 1932. Minimum day=45. Calendar year mean=280, runoff=204400.",Georgetown Creek,42.5,-111.3166667,,,Yearly and Monthly,1923-01-01-1950-12-31,"{'Discharge': 'cubic feet per second (cfs)', 'Runoff': 'acre-feet'}"
2913,70,1,"Yearly discharge, in cubic feet per second, of Bear River at Pescadero, Idaho",,,1933,water_year,,1030,,327,237100,cfs,,"Peak date footnote (c) = July 13, 14, Aug. 3, 4, 1933. Minimum day=50. Calendar year mean=336, runoff=244600.",Georgetown Creek,42.5,-111.3166667,,,Yearly and Monthly,1923-01-01-1950-12-31,"{'Discharge': 'cubic feet per second (cfs)', 'Runoff': 'acre-feet'}"
2913,70,1,"Yearly discharge, in cubic feet per second, of Bear River at Pescadero, Idaho",,,1934,water_year,,1060,,382,276500,cfs,,"Peak date footnote (a) = Files of Utah Power & Light Co. (date not specified). Minimum day=45. Calendar year mean=361, runoff=263200.",Georgetown Creek,42.5,-111.3166667,,,Yearly and Monthly,1923-01-01-1950-12-31,"{'Discharge': 'cubic feet per second (cfs)', 'Runoff': 'acre-feet'}"
2913,70,1,"Yearly discharge, in cubic feet per second, of Bear River at Pescadero, Idaho",,,1935,water_year,1935-07-09,1120,,270,196000,cfs,,"Minimum day=40. Calendar year mean=270, runoff=197000.",Georgetown Creek,42.5,-111.3166667,,,Yearly and Monthly,1923-01-01-1950-12-31,"{'Discharge': 'cubic feet per second (cfs)', 'Runoff': 'acre-feet'}"
2913,70,1,"Yearly discharge, in cubic feet per second, of Bear River at Pescadero, Idaho",,,1936,water_year,1936-04-20,1300,,285,207000,cfs,,"Minimum day=23. Calendar year mean=308, runoff=224200.",Georgetown Creek,42.5,-111.3166667,,,Yearly and Monthly,1923-01-01-1950-12-31,"{'Discharge': 'cubic feet per second (cfs)', 'Runoff': 'acre-feet'}"
2913,70,1,"Yearly discharge, in cubic feet per second, of Bear River at Pescadero, Idaho",,,1937,water_year,1937-07-06,920,,314,227000,cfs,,"Minimum day=65. Calendar year mean=303, runoff=220300.",Georgetown Creek,42.5,-111.3166667,,,Yearly and Monthly,1923-01-01-1950-12-31,"{'Discharge': 'cubic feet per second (cfs)', 'Runoff': 'acre-feet'}"
2913,70,1,"Yearly discharge, in cubic feet per second, of Bear River at Pescadero, Idaho",,,1938,water_year,1938-09-23,760,,290,210200,cfs,,"Minimum day=55. Calendar year mean=348, runoff=252500.",Georgetown Creek,42.5,-111.3166667,,,Yearly and Monthly,1923-01-01-1950-12-31,"{'Discharge': 'cubic feet per second (cfs)', 'Runoff': 'acre-feet'}"
2913,70,1,"Yearly discharge, in cubic feet per second, of Bear River at Pescadero, Idaho",,,1939,water_year,1939-05-31,1160,,428,309800,cfs,,"Minimum day=55. Calendar year mean=365, runoff=266300.",Georgetown Creek,42.5,-111.3166667,,,Yearly and Monthly,1923-01-01-1950-12-31,"{'Discharge': 'cubic feet per second (cfs)', 'Runoff': 'acre-feet'}"
2913,70,1,"Yearly discharge, in cubic feet per second, of Bear River at Pescadero, Idaho",,,1940,water_year,1940-07-11,1320,,355,257600,cfs,,"Peak date July 11,12 1940. Minimum day=45. Calendar year mean=355, runoff=259400.",Georgetown Creek,42.5,-111.3166667,,,Yearly and Monthly,1923-01-01-1950-12-31,"{'Discharge': 'cubic feet per second (cfs)', 'Runoff': 'acre-feet'}"
2913,70,1,"Yearly discharge, in cubic feet per second, of Bear River at Pescadero, Idaho",,,1941,water_year,1941-07-02,1390,,304,220200,cfs,,"Minimum day=40. Calendar year mean=312, runoff=227100.",Georgetown Creek,42.5,-111.3166667,,,Yearly and Monthly,1923-01-01-1950-12-31,"{'Discharge': 'cubic feet per second (cfs)', 'Runoff': 'acre-feet'}"
2913,70,1,"Yearly discharge, in cubic feet per second, of Bear River at Pescadero, Idaho",,,1942,water_year,1942-07-16,1170,,374,263700,cfs,,"Minimum day=60. Calendar year mean=370, runoff=269200.",Georgetown Creek,42.5,-111.3166667,,,Yearly and Monthly,1923-01-01-1950-12-31,"{'Discharge': 'cubic feet per second (cfs)', 'Runoff': 'acre-feet'}"
2913,70,1,"Yearly discharge, in cubic feet per second, of Bear River at Pescadero, Idaho",,,1943,water_year,1943-06-30,1020,,416,301400,cfs,,"Minimum day=85. Calendar year mean=417, runoff=303200.",Georgetown Creek,42.5,-111.3166667,,,Yearly and Monthly,1923-01-01-1950-12-31,"{'Discharge': 'cubic feet per second (cfs)', 'Runoff': 'acre-feet'}"
2913,70,1,"Yearly discharge, in cubic feet per second, of Bear River at Pescadero, Idaho",,,1944,water_year,1944-07-22,1250,,356,258400,cfs,,"Minimum day=55. Calendar year mean=322, runoff=235200.",Georgetown Creek,42.5,-111.3166667,,,Yearly and Monthly,1923-01-01-1950-12-31,"{'Discharge': 'cubic feet per second (cfs)', 'Runoff': 'acre-feet'}"
2913,70,1,"Yearly discharge, in cubic feet per second, of Bear River at Pescadero, Idaho",,,1945,water_year,1945-07-31,1060,,324,235200,cfs,,"Minimum day=50. Calendar year mean=277, runoff=200300.",Georgetown Creek,42.5,-111.3166667,,,Yearly and Monthly,1923-01-01-1950-12-31,"{'Discharge': 'cubic feet per second (cfs)', 'Runoff': 'acre-feet'}"
2913,70,1,"Yearly discharge, in cubic feet per second, of Bear River at Pescadero, Idaho",,,1946,water_year,1946-07-26,1210,,405,293100,cfs,,"WSP 1060. Minimum day=50. Calendar year mean=456, runoff=330500.",Georgetown Creek,42.5,-111.3166667,,,Yearly and Monthly,1923-01-01-1950-12-31,"{'Discharge': 'cubic feet per second (cfs)', 'Runoff': 'acre-feet'}"
2913,70,1,"Yearly discharge, in cubic feet per second, of Bear River at Pescadero, Idaho",,,1947,water_year,1947-07-26,1500,,559,404700,cfs,e,"WSP 1090. Peak discharge is momentary maximum (footnote e). Minimum day=80. Calendar year mean=614, runoff=444500.",Georgetown Creek,42.5,-111.3166667,,,Yearly and Monthly,1923-01-01-1950-12-31,"{'Discharge': 'cubic feet per second (cfs)', 'Runoff': 'acre-feet'}"
2913,70,1,"Yearly discharge, in cubic feet per second, of Bear River at Pescadero, Idaho",,,1948,water_year,1948-07-15,1500,,599,435000,cfs,,"WSP 1120. Peak date July 15,16 1948. Minimum day=95. Calendar year mean=615, runoff=446100.",Georgetown Creek,42.5,-111.3166667,,,Yearly and Monthly,1923-01-01-1950-12-31,"{'Discharge': 'cubic feet per second (cfs)', 'Runoff': 'acre-feet'}"
2913,70,1,"Yearly discharge, in cubic feet per second, of Bear River at Pescadero, Idaho",,,1949,water_year,1949-07-13,1260,,601,435400,cfs,e,"WSP 1150. Peak discharge is momentary maximum (footnote e). Minimum day=95. Calendar year mean=549, runoff=397600.",Georgetown Creek,42.5,-111.3166667,,,Yearly and Monthly,1923-01-01-1950-12-31,"{'Discharge': 'cubic feet per second (cfs)', 'Runoff': 'acre-feet'}"
2913,70,1,"Yearly discharge, in cubic feet per second, of Bear River at Pescadero, Idaho",,,1950,water_year,1950-06-12,2640,,866,627100,cfs,e,WSP 1180. Peak discharge is momentary maximum (footnote e). Minimum day=112. Calendar year columns blank/dash.,Georgetown Creek,42.5,-111.3166667,,,Yearly and Monthly,1923-01-01-1950-12-31,"{'Discharge': 'cubic feet per second (cfs)', 'Runoff': 'acre-feet'}"
2913,70,4,"Georgetown Creek near Georgetown, Idaho",42.5,-111.3167,1912,water_year,,,,38.5,,cfs,e,"The year value printed as #38,5; # treated as estimated; comma as decimal = 38.5",Georgetown Creek,42.5,-111.3166667,,,Yearly and Monthly,1923-01-01-1950-12-31,"{'Discharge': 'cubic feet per second (cfs)', 'Runoff': 'acre-feet'}"
2913,70,4,"Georgetown Creek near Georgetown, Idaho",42.5,-111.3167,1913,water_year,,,,,,cfs,,The year value is dash (blank) — April through July also blank,Georgetown Creek,42.5,-111.3166667,,,Yearly and Monthly,1923-01-01-1950-12-31,"{'Discharge': 'cubic feet per second (cfs)', 'Runoff': 'acre-feet'}"
2913,70,4,"Georgetown Creek near Georgetown, Idaho",42.5,-111.3167,1914,water_year,,,,42.6,,cfs,,,Georgetown Creek,42.5,-111.3166667,,,Yearly and Monthly,1923-01-01-1950-12-31,"{'Discharge': 'cubic feet per second (cfs)', 'Runoff': 'acre-feet'}"
2913,70,4,"Georgetown Creek near Georgetown, Idaho",42.5,-111.3167,1940,water_year,,,,23.5,,cfs,e,The year value printed as $23.5; $ footnote = not previously published; estimated or partly estimated on basis of one discharge measurement and flow characteristics,Georgetown Creek,42.5,-111.3166667,,,Yearly and Monthly,1923-01-01-1950-12-31,"{'Discharge': 'cubic feet per second (cfs)', 'Runoff': 'acre-feet'}"
2913,70,4,"Georgetown Creek near Georgetown, Idaho",42.5,-111.3167,1941,water_year,,,,22.9,,cfs,,,Georgetown Creek,42.5,-111.3166667,,,Yearly and Monthly,1923-01-01-1950-12-31,"{'Discharge': 'cubic feet per second (cfs)', 'Runoff': 'acre-feet'}"
2913,70,4,"Georgetown Creek near Georgetown, Idaho",42.5,-111.3167,1942,water_year,,,,24.2,,cfs,,,Georgetown Creek,42.5,-111.3166667,,,Yearly and Monthly,1923-01-01-1950-12-31,"{'Discharge': 'cubic feet per second (cfs)', 'Runoff': 'acre-feet'}"
2913,70,4,"Georgetown Creek near Georgetown, Idaho",42.5,-111.3167,1943,water_year,,,,29.8,,cfs,,,Georgetown Creek,42.5,-111.3166667,,,Yearly and Monthly,1923-01-01-1950-12-31,"{'Discharge': 'cubic feet per second (cfs)', 'Runoff': 'acre-feet'}"
2913,70,4,"Georgetown Creek near Georgetown, Idaho",42.5,-111.3167,1944,water_year,,,,29.3,,cfs,,,Georgetown Creek,42.5,-111.3166667,,,Yearly and Monthly,1923-01-01-1950-12-31,"{'Discharge': 'cubic feet per second (cfs)', 'Runoff': 'acre-feet'}"
2913,70,4,"Georgetown Creek near Georgetown, Idaho",42.5,-111.3167,1945,water_year,,,,29.5,,cfs,,,Georgetown Creek,42.5,-111.3166667,,,Yearly and Monthly,1923-01-01-1950-12-31,"{'Discharge': 'cubic feet per second (cfs)', 'Runoff': 'acre-feet'}"
2913,70,4,"Georgetown Creek near Georgetown, Idaho",42.5,-111.3167,1946,water_year,,,,33.4,,cfs,,,Georgetown Creek,42.5,-111.3166667,,,Yearly and Monthly,1923-01-01-1950-12-31,"{'Discharge': 'cubic feet per second (cfs)', 'Runoff': 'acre-feet'}"
2913,70,4,"Georgetown Creek near Georgetown, Idaho",42.5,-111.3167,1947,water_year,,,,31.3,,cfs,,,Georgetown Creek,42.5,-111.3166667,,,Yearly and Monthly,1923-01-01-1950-12-31,"{'Discharge': 'cubic feet per second (cfs)', 'Runoff': 'acre-feet'}"
2913,70,4,"Georgetown Creek near Georgetown, Idaho",42.5,-111.3167,1948,water_year,,,,33.8,,cfs,,,Georgetown Creek,42.5,-111.3166667,,,Yearly and Monthly,1923-01-01-1950-12-31,"{'Discharge': 'cubic feet per second (cfs)', 'Runoff': 'acre-feet'}"
2913,70,4,"Georgetown Creek near Georgetown, Idaho",42.5,-111.3167,1949,water_year,,,,30.5,,cfs,,,Georgetown Creek,42.5,-111.3166667,,,Yearly and Monthly,1923-01-01-1950-12-31,"{'Discharge': 'cubic feet per second (cfs)', 'Runoff': 'acre-feet'}"
2913,70,4,"Georgetown Creek near Georgetown, Idaho",42.5,-111.3167,1950,water_year,,,,39.1,,cfs,,,Georgetown Creek,42.5,-111.3166667,,,Yearly and Monthly,1923-01-01-1950-12-31,"{'Discharge': 'cubic feet per second (cfs)', 'Runoff': 'acre-feet'}"
