site_index,site_id,station_name,data_type,start_year,end_year,year_start,year_end,decade_start,decade_end,decade,closest_stream_order,distance_to_stream_km,longitude,latitude
0,,Unknown,Historical,1920,1966,1920,1966,1920,1960,1920,5,0.11208663856853265,-119.686,34.527
1,,Unknown,Historical,1968,1969,1968,1969,1960,1960,1960,5,0.009285504,-119.863889,34.543611
3,,Unknown,Historical,1953,1954,1953,1954,1950,1950,1950,3,0.12065105294266659,-119.507056,34.492222
4,,Unknown,Historical,1967,1968,1967,1968,1960,1960,1960,5,0.001247773,-120.491667,34.672222
5,,Unknown,Historical,1910,1910,1910,1910,1910,1910,1910,2,1.3168193966468518,-120.463,34.649
6,,Unknown,Historical,1963,1964,1963,1964,1960,1960,1960,4,1.0318876665036465,-120.1047,34.6525
7,,Unknown,Historical,1947,1949,1947,1949,1940,1940,1940,5,0.081994727,-120.455556,34.669444
8,,Unknown,Historical,1954,1954,1954,1954,1950,1950,1950,5,0.034248069114797684,-120.474722,34.668333
9,,Unknown,Historical,1928,1931,1928,1931,1920,1930,1920,4,1.187309202713018,-120.103,34.647
10,,Unknown,Historical,1929,1931,1929,1931,1920,1930,1920,4,1.187309202713018,-120.103,34.647
11,,Unknown,Historical,1906,1918,1906,1918,1900,1910,1900,2,1.5060835837789108,-120.4575,34.6443
13,,Unknown,Historical,1910,1912,1910,1912,1910,1910,1910,2,1.152869394069833,-120.4575,34.6396
14,,Unknown,Historical,1920,,1920,,1920,,1920,5,0.11303192063903253,-119.686389,34.524444
16,,Unknown,Historical,1958,1959,1958,1959,1950,1950,1950,5,0.009852879,-120.355556,34.613333
17,,Unknown,Historical,1957,1958,1957,1958,1950,1950,1950,5,0.17727359406595958,-119.9958333,34.59166667
18,,Unknown,Historical,1910,1912,1910,1912,1910,1910,1910,5,0.8191551696999927,-120.4372,34.6391
19,,Unknown,Historical,1906,1912,1906,1912,1900,1910,1900,5,0.5980968971585963,-120.4444,34.6575
20,,Unknown,Historical,1962,1963,1962,1963,1960,1960,1960,5,0.1953078051848889,-120.4367,34.649
21,,Unknown,Historical,1964,1965,1964,1965,1960,1960,1960,5,0.1953078051848889,-120.4367,34.649
22,,Unknown,Historical,1946,1963,1946,1963,1940,1960,1940,5,0.5484269014165336,-120.5847,34.6889
23,,Unknown,Historical,1970,1971,1970,1971,1970,1970,1970,5,0.028720717873975326,-119.8644,34.5436
24,,Unknown,Historical,1928,1970,1928,1970,1920,1970,1920,2,0.013239779,-120.144722,34.581111
25,,Unknown,Historical,1954,1976,1954,1976,1950,1970,1950,5,0.036921717,-120.356389,34.613333
26,,Unknown,Historical,1956,1957,1956,1957,1950,1950,1950,5,0.078971539,-120.142778,34.584722
28,,Unknown,Historical,1964,1965,1964,1965,1960,1960,1960,5,0.5492561550694538,-120.58472,34.68889
29,,Unknown,Historical,1965,1966,1965,1966,1960,1960,1960,5,0.049652327,-120.4255556,34.63777778
30,,Unknown,Historical,1966,1967,1966,1967,1960,1960,1960,5,0.034248069114797684,-120.474722,34.668333
31,,Unknown,Historical,1964,1965,1964,1965,1960,1960,1960,5,0.17727359406595958,-119.9958333,34.59166667
32,,Unknown,Historical,1920,1938,1920,1938,1920,1930,1920,5,0.4085550021649641,-119.6833333,34.5277778
33,,Unknown,Historical,1913,1914,1913,1914,1910,1910,1910,5,0.8482495807355838,-120.4422,34.6467
34,,Unknown,Historical,1943,1944,1943,1944,1940,1940,1940,5,0.4085550021649641,-119.6833333,34.5277778
37,,Unknown,Historical,1929,1931,1929,1931,1920,1930,1920,1,0.6386795073297099,-120.0856,34.6374
38,,Unknown,Historical,1906,1918,1906,1918,1900,1910,1900,5,1.7182191450096087,-120.4484,34.6411
39,,Unknown,Historical,1954,,1954,,1950,,1950,5,0.034248069114797684,-120.474722,34.668333
40,,Unknown,Historical,1949,1950,1949,1950,1940,1950,1940,1,0.2093156609435418,-119.72,34.67
41,,Unknown,Historical,1950,1950,1950,1950,1950,1950,1950,1,0.2093156609435418,-119.72,34.67
42,,Unknown,Historical,1949,1950,1949,1950,1940,1950,1940,1,0.4351103936667811,-119.63,34.62
43,,Unknown,Historical,,,,,,,,1,0.083164416,-120,34.75
44,,Unknown,Historical,1906,1938,1906,1938,1900,1930,1900,5,0.034652718244678915,-120.4305556,34.64166666666667
48,,Unknown,Historical,1970,1971,1970,1971,1970,1970,1970,5,0.11303192063903253,-119.686389,34.524444
49,,Unknown,Historical,1947,1952,1947,1952,1940,1950,1940,5,0.020951446,-119.8625,34.54306
50,,Unknown,Historical,1928,1933,1928,1933,1920,1930,1920,4,0.34889594931294216,-120.0214,34.6475
51,,Unknown,Historical,1965,1966,1965,1966,1960,1960,1960,5,0.063919241,-120.143056,34.584722
54,,Unknown,Historical,1945,1946,1945,1946,1940,1940,1940,5,0.034656038,-120.4305556,34.6416667
55,,Unknown,Historical,1920,1920,1920,1920,1920,1920,1920,5,0.11303192063903253,-119.686389,34.524444
56,,Unknown,Historical,1947,1961,1947,1961,1940,1960,1940,5,0.030936888552751153,-120.425,34.6375
57,,Unknown,Historical,1946,1961,1946,1961,1940,1960,1940,5,0.034942317,-120.456944,34.668333
60,,Unknown,Historical,1957,1962,1957,1962,1950,1960,1950,2,1.2132583017374943,-120.4563,34.6396
66,,Unknown,Historical,1949,1950,1949,1950,1940,1950,1940,5,0.034656038,-120.4305556,34.6416667
67,,Unknown,Historical,1948,1951,1948,1951,1940,1950,1940,2,0.15096228628362499,-119.8806,34.5444
68,,Unknown,Historical,1934,1935,1934,1935,1930,1930,1930,5,0.4085946395271208,-119.683333,34.527778
69,,Unknown,Historical,1930,1935,1930,1935,1930,1930,1930,3,0.16126433343959004,-119.514444,34.491667
70,,Unknown,Historical,1942,1943,1942,1943,1940,1940,1940,3,0.11027938395579753,-119.51389,34.49167
71,,Unknown,Historical,,,,,,,,1,0.08425429,-120.158,34.695
72,,Unknown,Historical,,,,,,,,1,0.030639378,-120.1167,34.6544
73,,Unknown,Historical,1953,1954,1953,1954,1950,1950,1950,5,0.1226246772621595,-120.425,34.636111
75,,Unknown,Historical,1918,1918,1918,1918,1910,1910,1910,2,0.4812748608158572,-120.35,34.65
77,,Unknown,Historical,1903,1904,1903,1904,1900,1900,1900,1,0.43121367882985456,-120.3,34.65
78,,Unknown,Historical,1918,1918,1918,1918,1910,1910,1910,2,0.34352130084457916,-120.35,34.6
79,,Unknown,Historical,1903,1904,1903,1904,1900,1900,1900,1,0.023678720570070998,-120.3,34.7
80,,Unknown,Historical,1918,1918,1918,1918,1910,1910,1910,1,0.43121367882985456,-120.3,34.65
82,,Unknown,Historical,1914,1917,1914,1917,1910,1910,1910,2,0.34352130084457916,-120.35,34.6
84,,Unknown,Historical,1948,1950,1948,1950,1940,1950,1940,2,0.063254386,-119.9111111,34.5527778
85,,Unknown,Historical,1920,1947,1920,1947,1920,1940,1920,5,0.09934663,-119.686111,34.526944
86,,Unknown,Historical,1971,1972,1971,1972,1970,1970,1970,1,0.16331075021454625,-119.987778,34.589167
87,,Unknown,Historical,1964,1965,1964,1965,1960,1960,1960,5,0.009852879,-120.355556,34.613333
88,,Unknown,Historical,1951,1952,1951,1952,1950,1950,1950,2,0.011924373084548969,-120.475,34.646
89,,Unknown,Historical,1960,1961,1960,1961,1960,1960,1960,5,0.063919241,-120.143056,34.584722
90,,Unknown,Historical,1965,1966,1965,1966,1960,1960,1960,5,0.00986585,-120.3555556,34.6133333
91,,Unknown,Historical,1947,1948,1947,1948,1940,1940,1940,5,0.1226246772621595,-120.425,34.636111
92,,Unknown,Historical,1965,1966,1965,1966,1960,1960,1960,5,0.1909772942550889,-120.2416667,34.6138889
93,,Unknown,Historical,1920,1967,1920,1967,1920,1960,1920,5,0.10501769330678506,-119.6861,34.527
94,,Unknown,Historical,1948,1950,1948,1950,1940,1950,1940,5,0.17453377910453968,-120.241667,34.614056
95,,Unknown,Historical,1956,1957,1956,1957,1950,1950,1950,5,0.030936888552751153,-120.425,34.6375
96,,Unknown,Historical,1928,1945,1928,1945,1920,1940,1920,2,0.067629037,-120.0236111,34.5888889
97,,Unknown,Historical,1965,1966,1965,1966,1960,1960,1960,5,0.001247773,-120.491667,34.672222
98,,Unknown,Historical,1957,1962,1957,1962,1950,1960,1950,5,0.3337747698717493,-120.459,34.671
99,,Unknown,Historical,1957,1958,1957,1958,1950,1950,1950,5,0.009852879,-120.355556,34.613333
100,,Unknown,Historical,1967,1968,1967,1968,1960,1960,1960,5,0.026479808,-120.4275,34.639166
101,,Unknown,Historical,1958,1959,1958,1959,1950,1950,1950,5,0.081994727,-120.455556,34.669444
102,,Unknown,Historical,1945,1946,1945,1946,1940,1940,1940,3,0.096879663,-119.550556,34.491667
103,,Unknown,Historical,1957,1957,1957,1957,1950,1950,1950,1,0.14666147955822298,-120.059,34.678
105,,Unknown,Historical,1920,1951,1920,1951,1920,1950,1920,5,0.11303192063903253,-119.686389,34.524444
106,,Unknown,Historical,1947,1948,1947,1948,1940,1940,1940,5,0.14508604051534096,-120.144444,34.586111
107,,Unknown,Historical,1947,1951,1947,1951,1940,1950,1940,5,0.081994727,-120.455556,34.669444
108,,Unknown,Historical,1947,1951,1947,1951,1940,1950,1940,5,1.2860067009266427,-120.591667,34.690278
109,,Unknown,Historical,1928,1940,1928,1940,1920,1940,1920,5,0.14508604051534096,-120.144444,34.586111
110,,Unknown,Historical,1954,1965,1954,1965,1950,1960,1950,5,0.056495167,-120.1,34.584166
111,,Unknown,Historical,1941,1967,1941,1967,1940,1960,1940,5,0.001247773,-120.491667,34.672222
112,,Unknown,Historical,1966,1967,1966,1967,1960,1960,1960,5,0.009852879,-120.355556,34.613333
113,,Unknown,Historical,1920,1953,1920,1953,1920,1950,1920,5,0.11208663856853265,-119.686,34.527
115,,Unknown,Historical,1947,1960,1947,1960,1940,1960,1940,5,0.03657441,-119.8625,34.542916
116,,Unknown,Historical,,,,,,,,4,0.395333364,-120.0206,34.64
118,,Unknown,Historical,1906,1914,1906,1914,1900,1910,1900,5,0.6888692596134592,-120.4621,34.6622
119,,Unknown,Historical,1920,1958,1920,1958,1920,1950,1920,5,0.11303192063903253,-119.686389,34.524444
121,,Unknown,Historical,1948,1949,1948,1949,1940,1940,1940,5,0.10930504085414455,-119.6861111,34.527055555555556
122,,Unknown,Historical,1906,1917,1906,1917,1900,1910,1900,5,0.3789090250283887,-120.444,34.662
124,,Unknown,Historical,1947,1955,1947,1955,1940,1950,1940,5,1.2859627009313364,-120.5916667,34.69027778
125,,Unknown,Historical,1928,1929,1928,1929,1920,1920,1920,5,1.919987680480185,-120.4516,34.6442
126,,Unknown,Historical,1920,1970,1920,1970,1920,1970,1920,5,0.11303192063903253,-119.686389,34.524444
127,,Unknown,Historical,1961,1963,1961,1963,1960,1960,1960,1,0.2389710623135026,-120.237,34.666
128,,Unknown,Historical,1947,1948,1947,1948,1940,1940,1940,5,0.10501769330678506,-119.6861,34.527
129,,Unknown,Historical,1906,1943,1906,1943,1900,1940,1900,2,0.5082563539601934,-120.458,34.633
130,,Unknown,Historical,1928,1960,1928,1960,1920,1960,1920,5,0.1777011765415308,-119.99583,34.59167
131,,Unknown,Historical,1954,1956,1954,1956,1950,1950,1950,5,0.9549845286386662,-119.972222,34.580556
132,,Unknown,Historical,1920,1975,1920,1975,1920,1970,1920,5,0.12015603752953756,-119.6856,34.5261
133,,Unknown,Historical,1948,1949,1948,1949,1940,1940,1940,5,1.2859627009313364,-120.5916667,34.69027778
134,,Unknown,Historical,1971,1972,1971,1972,1970,1970,1970,5,0.049672191,-120.4256,34.6378
135,,Unknown,Historical,,,,,,,,5,0.026479808,-120.4275,34.639166
136,,Unknown,Historical,1920,1939,1920,1939,1920,1930,1920,5,0.4085550021649641,-119.6833333,34.5277778
137,,Unknown,Historical,1930,1936,1930,1936,1930,1930,1930,3,0.10997299201987586,-119.513889,34.491667
138,,Unknown,Historical,1955,1969,1955,1969,1950,1960,1950,1,0.16331075021454625,-119.987778,34.589167
139,,Unknown,Historical,1903,1936,1903,1936,1900,1930,1900,5,0.4085946395271208,-119.683333,34.527778
140,,Unknown,Historical,1954,,1954,,1950,,1950,5,0.036921717,-120.356389,34.613333
141,,Unknown,Historical,1930,1944,1930,1944,1930,1940,1930,3,0.13456740406275777,-119.514167,34.491667
142,,Unknown,Historical,1920,1969,1920,1969,1920,1960,1920,5,0.12485469343663248,-119.685556,34.526111
143,,Unknown,Historical,1954,1963,1954,1963,1950,1960,1950,5,0.009852879,-120.355556,34.613333
144,,Unknown,Historical,1906,1918,1906,1918,1900,1910,1900,5,1.0161952048441034,-120.4447,34.6489
145,,Unknown,Historical,,,,,,,,1,0.12664975811675735,-120.2167,34.6833
146,,Unknown,Historical,1965,1966,1965,1966,1960,1960,1960,5,0.034248069114797684,-120.474722,34.668333
147,,Unknown,Historical,1930,1938,1930,1938,1930,1930,1930,3,0.10997299201987586,-119.513889,34.491667
148,,Unknown,Historical,1969,1970,1969,1970,1960,1970,1960,3,0.13800979814344697,-119.5069,34.4922
149,,Unknown,Historical,1903,1938,1903,1938,1900,1930,1900,5,0.4085946395271208,-119.683333,34.527778
150,,Unknown,Historical,,,,,,,,2,0.24349969782085537,-120.0077,34.6298
151,,Unknown,Historical,1960,1961,1960,1961,1960,1960,1960,5,0.023996547186090324,-120.1,34.585
152,,Unknown,Historical,,,,,,,,2,0.24349969782085537,-120.0077,34.6298
153,,Unknown,Historical,,,,,,,,2,0.21821966158362494,-120.0261,34.6698
154,,Unknown,Historical,,,,,,,,1,0.8537549070216247,-120.0349,34.6376
155,,Unknown,Historical,1940,1941,1940,1941,1940,1940,1940,5,0.034656038,-120.4305556,34.6416667
157,,Unknown,Historical,1973,1974,1973,1974,1970,1970,1970,5,0.025414467605028322,-120.2480556,34.6105556
160,,Unknown,Historical,1941,1976,1941,1976,1940,1970,1940,5,0.001247773,-120.491667,34.672222
161,,Unknown,Historical,,,,,,,,2,0.157134864,-120.1811,34.6817
162,,Unknown,Historical,1954,1960,1954,1960,1950,1960,1950,5,0.049593810264031764,-120.304167,34.609722
163,,Unknown,Historical,1957,1958,1957,1958,1950,1950,1950,5,0.038310295,-119.8625,34.5429
164,,Unknown,Historical,,,,,,,,1,0.8525073715155137,-120.47,34.69
167,,Unknown,Historical,1906,1926,1906,1926,1900,1920,1900,2,1.3772341704562607,-120.4624,34.6518
168,,Unknown,Historical,1947,1950,1947,1950,1940,1950,1940,2,0.28381742578340535,-120.4333333,34.69027778
169,,Unknown,Historical,1954,1955,1954,1955,1950,1950,1950,5,0.049593810264031764,-120.304167,34.609722
170,,Unknown,Historical,1948,1949,1948,1949,1940,1940,1940,5,0.1909772942550889,-120.2416667,34.6138889
171,,Unknown,Historical,1947,1947,1947,1947,1940,1940,1940,5,0.9610146088628221,-120.5883333,34.6902778
174,,Unknown,Historical,1920,1941,1920,1941,1920,1940,1920,5,0.4085550021649641,-119.6833333,34.5277778
176,,Unknown,Historical,1904,1944,1904,1944,1900,1940,1900,1,0.015993379861948452,-120.0259,34.6162
177,,Unknown,Historical,1929,1944,1929,1944,1920,1940,1920,4,0.6443219318808824,-120.1086,34.6378
178,,Unknown,Historical,1931,1950,1931,1950,1930,1950,1930,3,0.27028900358160457,-119.504167,34.492222
179,,Unknown,Historical,1963,1964,1963,1964,1960,1960,1960,2,0.3449192073903545,-120.0505,34.6417
180,,Unknown,Historical,1948,1954,1948,1954,1940,1950,1940,5,0.1909772942550889,-120.2416667,34.6138889
181,,Unknown,Historical,1928,1944,1928,1944,1920,1940,1920,2,0.069200517,-120.0236,34.5889
182,,Unknown,Historical,1952,1952,1952,1952,1950,1950,1950,1,0.42177751946182157,-119.7247,34.6956
183,,Unknown,Historical,1952,1952,1952,1952,1950,1950,1950,1,0.047582206,-119.7206,34.6983
184,,Unknown,Historical,1959,1960,1959,1960,1950,1960,1950,5,0.030936888552751153,-120.425,34.6375
185,,Unknown,Historical,1935,1944,1935,1944,1930,1940,1930,3,0.5068285045577676,-120.183,34.616
186,,Unknown,Historical,1928,1931,1928,1931,1920,1930,1920,1,0.6190062538168342,-120.0852,34.6373
187,,Unknown,Historical,1951,1951,1951,1951,1950,1950,1950,3,0.013734829021447442,-120.0364,34.6875
188,,Unknown,Historical,1909,1912,1909,1912,1900,1910,1900,2,1.0690419362117902,-120.4587,34.6398
192,,Unknown,Historical,1967,1968,1967,1968,1960,1960,1960,5,0.009852879,-120.355556,34.613333
193,,Unknown,Historical,1928,1953,1928,1953,1920,1950,1920,5,0.1462015381810231,-120.1444,34.5861
194,,Unknown,Historical,1963,1964,1963,1964,1960,1960,1960,2,1.379058363551716,-120.4625,34.6461
195,,Unknown,Historical,1941,,1941,,1940,,1940,5,0.001247773,-120.491667,34.672222
197,,Unknown,Historical,,,,,,,,1,0.14879424458044724,-120.1894,34.6973
198,,Unknown,Historical,1947,1947,1947,1947,1940,1940,1940,5,0.1226246772621595,-120.425,34.636111
200,,Unknown,Historical,,,,,,,,2,0.57186216,-120.4577,34.6335
201,,Unknown,Historical,,,,,,,,2,0.57186216,-120.4577,34.6335
203,,Unknown,Historical,1954,1955,1954,1955,1950,1950,1950,5,0.009852879,-120.355556,34.613333
204,,Unknown,Historical,1903,1904,1903,1904,1900,1900,1900,4,0.089642143,-119.625,34.5125
205,,Unknown,Historical,1928,1935,1928,1935,1920,1930,1920,2,0.069200517,-120.0236,34.5889
206,,Unknown,Historical,1914,1914,1914,1914,1910,1910,1910,5,1.3925763481648998,-120.4439,34.6397
207,,Unknown,Historical,1928,1956,1928,1956,1920,1950,1920,5,0.17727744615959798,-119.9958333,34.5916667
210,,Unknown,Historical,1961,1962,1961,1962,1960,1960,1960,5,0.071180234,-120.1,34.584
211,,Unknown,Historical,1954,1957,1954,1957,1950,1950,1950,5,0.19167317137301937,-120.391667,34.633333
212,,Unknown,Historical,1920,1956,1920,1956,1920,1950,1920,5,0.11208663856853265,-119.686,34.527
213,,Unknown,Historical,1957,1958,1957,1958,1950,1950,1950,5,0.3275986789170194,-120.4326,34.6397
214,,Unknown,Historical,1957,1958,1957,1958,1950,1950,1950,5,0.3275986789170194,-120.4326,34.6397
215,,Unknown,Historical,1957,1958,1957,1958,1950,1950,1950,5,0.3275986789170194,-120.4326,34.6397
216,,Unknown,Historical,1970,1971,1970,1971,1970,1970,1970,1,0.16331157131939386,-119.9877778,34.58916666666667
217,,Unknown,Historical,1935,1936,1935,1936,1930,1930,1930,5,0.1462015381810231,-120.1444,34.5861
218,,Unknown,Historical,1957,1958,1957,1958,1950,1950,1950,5,0.3275986789170194,-120.4326,34.6397
219,,Unknown,Historical,1957,1958,1957,1958,1950,1950,1950,5,0.3275986789170194,-120.4326,34.6397
221,,Unknown,Historical,1954,1955,1954,1955,1950,1950,1950,2,1.0591026648631165,-120.0662,34.6466
222,,Unknown,Historical,1947,1950,1947,1950,1940,1950,1940,5,0.021433636108095778,-119.8625,34.543055555555554
224,,Unknown,Historical,1961,1961,1961,1961,1960,1960,1960,2,0.17210578368324894,-120.0583,34.6625
225,,Unknown,Historical,1954,1955,1954,1955,1950,1950,1950,2,1.0591026648631165,-120.0662,34.6466
226,,Unknown,Historical,1928,,1928,,1920,,1920,5,0.011121109,-120.143056,34.584167
227,,Unknown,Historical,1954,1955,1954,1955,1950,1950,1950,2,1.1177652971096264,-120.0658,34.6453
228,,Unknown,Historical,1954,1955,1954,1955,1950,1950,1950,4,0.085105518,-120.1156,34.6533
230,,Unknown,Historical,1954,1955,1954,1955,1950,1950,1950,4,0.2383888242291529,-120.1233,34.6742
231,,Unknown,Historical,1954,1955,1954,1955,1950,1950,1950,4,0.2383888242291529,-120.1233,34.6742
232,,Unknown,Historical,1954,1955,1954,1955,1950,1950,1950,2,1.6823293071799832,-120.45,34.6399
233,,Unknown,Historical,1961,1963,1961,1963,1960,1960,1960,3,0.31994884418004127,-119.6462,34.6369
234,,Unknown,Historical,1941,,1941,,1940,,1940,5,0.001219119,-120.4916667,34.6722222
235,,Unknown,Historical,1951,1952,1951,1952,1950,1950,1950,1,0.27035279506430687,-120.1536,34.6167
236,,Unknown,Historical,1954,1960,1954,1960,1950,1960,1950,5,0.19167317137301937,-120.391667,34.633333
237,,Unknown,Historical,1948,1957,1948,1957,1940,1950,1940,2,0.063272657,-119.911111,34.552778
238,,Unknown,Historical,1948,1965,1948,1965,1940,1960,1940,5,0.1909772942550889,-120.2416667,34.6138889
239,,Unknown,Historical,1951,1952,1951,1952,1950,1950,1950,5,0.1909772942550889,-120.2416667,34.6138889
240,,Unknown,Historical,1954,1965,1954,1965,1950,1960,1950,5,0.009852879,-120.355556,34.613333
241,,Unknown,Historical,1906,1953,1906,1953,1900,1950,1900,5,0.034656038,-120.4305556,34.6416667
243,,Unknown,Historical,1948,1957,1948,1957,1940,1950,1940,2,0.093972679,-119.94722,34.54444
244,,Unknown,Historical,1911,1912,1911,1912,1910,1910,1910,2,0.46869110881341974,-120.4706,34.65
245,,Unknown,Historical,1954,1965,1954,1965,1950,1960,1950,5,0.034248069114797684,-120.474722,34.668333
246,,Unknown,Historical,1928,1976,1928,1976,1920,1970,1920,1,0.16331075021454625,-119.987778,34.589167
247,,Unknown,Historical,1940,1970,1940,1970,1940,1970,1940,5,0.001247773,-120.491667,34.672222
248,,Unknown,Historical,1966,1967,1966,1967,1960,1960,1960,5,0.063919241,-120.143056,34.584722
249,,Unknown,Historical,1911,1912,1911,1912,1910,1910,1910,2,1.3006777550499928,-120.457,34.641
250,,Unknown,Historical,1920,1964,1920,1964,1920,1960,1920,5,0.11303192063903253,-119.686389,34.524444
251,,Unknown,Historical,1957,1958,1957,1958,1950,1950,1950,5,0.19167317137301937,-120.391667,34.633333
252,,Unknown,Historical,1970,1971,1970,1971,1970,1970,1970,5,0.036921717,-120.356389,34.613333
253,,Unknown,Historical,1941,1941,1941,1941,1940,1940,1940,5,0.043155013,-120.4944444,34.6708333
254,,Unknown,Historical,1954,1960,1954,1960,1950,1960,1950,5,0.009852879,-120.355556,34.613333
255,,Unknown,Historical,1941,,1941,,1940,,1940,5,0.001247773,-120.491667,34.672222
256,,Unknown,Historical,1958,1959,1958,1959,1950,1950,1950,5,0.006119526,-120.1,34.584722
257,,Unknown,Historical,1947,1959,1947,1959,1940,1950,1940,5,0.030498812795448964,-119.8625,34.542972
258,,Unknown,Historical,1964,1965,1964,1965,1960,1960,1960,2,0.28175696898847163,-120.1964,34.6463
259,,Unknown,Historical,1966,1967,1966,1967,1960,1960,1960,5,0.1783159413079416,-120.2417,34.614
260,,Unknown,Historical,1974,1975,1974,1975,1970,1970,1970,1,0.16331075021454625,-119.987778,34.589167
261,,Unknown,Historical,1953,1954,1953,1954,1950,1950,1950,2,0.15176633253449098,-119.880556,34.544444
262,,Unknown,Historical,1958,1959,1958,1959,1950,1950,1950,5,0.19167317137301937,-120.391667,34.633333
263,,Unknown,Historical,1968,1969,1968,1969,1960,1960,1960,5,0.034248069114797684,-120.474722,34.668333
264,,Unknown,Historical,1967,1968,1967,1968,1960,1960,1960,5,0.063572911,-120.14306,34.58472
265,,Unknown,Historical,1947,1974,1947,1974,1940,1970,1940,5,0.049672191,-120.4256,34.6378
266,,Unknown,Historical,1948,1949,1948,1949,1940,1940,1940,5,0.17300884222516638,-120.14444,34.58639
267,,Unknown,Historical,1945,1946,1945,1946,1940,1940,1940,5,0.085839093,-119.6865,34.527
269,,Unknown,Historical,1948,1948,1948,1948,1940,1940,1940,5,0.1783159413079416,-120.2417,34.614
270,,Unknown,Historical,1914,1931,1914,1931,1910,1930,1910,5,0.2279170746168683,-120.0833,34.5833
271,,Unknown,Historical,1973,1974,1973,1974,1970,1970,1970,5,0.009285504,-119.863889,34.543611
272,,Unknown,Historical,1907,1909,1907,1909,1900,1900,1900,5,1.173645786887296,-120.448,34.6528
273,,Unknown,Historical,1952,1953,1952,1953,1950,1950,1950,3,0.13263605574871645,-119.506944,34.492222
274,,Unknown,Historical,1967,1968,1967,1968,1960,1960,1960,5,0.19095179691546166,-120.241667,34.613889
275,,Unknown,Historical,1954,1965,1954,1965,1950,1960,1950,5,0.034248069114797684,-120.474722,34.668333
277,,Unknown,Historical,1954,1955,1954,1955,1950,1950,1950,5,0.19069682353250525,-120.24167,34.61389
279,,Unknown,Historical,1930,1931,1930,1931,1930,1930,1930,5,0.8853823890761849,-120.4422,34.6456
280,,Unknown,Historical,1929,1935,1929,1935,1920,1930,1920,5,0.063919241,-120.143056,34.584722
281,,Unknown,Historical,1947,1952,1947,1952,1940,1950,1940,5,0.1226246772621595,-120.425,34.636111
282,,Unknown,Historical,1947,1953,1947,1953,1940,1950,1940,5,0.081994727,-120.455556,34.669444
284,,Unknown,Historical,,,,,,,,3,0.4180553751003114,-120.1731,34.6602
285,,Unknown,Historical,,,,,,,,3,0.9445836820202461,-120.1754,34.6318
286,,Unknown,Historical,,,,,,,,2,1.109920582875244,-120.4517,34.6333
287,,Unknown,Historical,1954,1956,1954,1956,1950,1950,1950,5,0.087947837,-120.195833,34.606944
289,,Unknown,Historical,1947,1950,1947,1950,1940,1950,1940,5,0.16316960804122943,-120.24167,34.61417
290,,Unknown,Historical,,,,,,,,5,0.4380961609735879,-120.4597,34.6641
291,,Unknown,Historical,1961,1962,1961,1962,1960,1960,1960,1,0.5477440138310148,-120.1773,34.6538
292,,Unknown,Historical,1934,1935,1934,1935,1930,1930,1930,4,0.5998063440806646,-120.1092,34.6375
293,,Unknown,Historical,1967,1968,1967,1968,1960,1960,1960,5,0.11303192063903253,-119.686389,34.524444
294,,Unknown,Historical,1962,1963,1962,1963,1960,1960,1960,1,0.5477440138310148,-120.1773,34.6538
295,,Unknown,Historical,1966,1968,1966,1968,1960,1960,1960,2,0.574872544,-120.4656,34.6394
296,,Unknown,Historical,1953,1953,1953,1953,1950,1950,1950,1,0.2891835881489155,-120.0514,34.6925
297,,Unknown,Historical,1953,1953,1953,1953,1950,1950,1950,1,0.3155668080280761,-120.0583,34.6908
298,,Unknown,Historical,1953,1953,1953,1953,1950,1950,1950,2,0.2329106030490355,-120.0678,34.6811
299,,Unknown,Historical,1953,1953,1953,1953,1950,1950,1950,2,0.086738257,-120.0679,34.6845
300,,Unknown,Historical,1928,1953,1928,1953,1920,1950,1920,2,0.067643195,-120.023611,34.588889
303,,Unknown,Historical,1952,1953,1952,1953,1950,1950,1950,2,0.1529176421905723,-120.0681,34.6822
304,,Unknown,Historical,1952,1953,1952,1953,1950,1950,1950,2,0.20638335492732182,-120.0682,34.6805
305,,Unknown,Historical,1953,1953,1953,1953,1950,1950,1950,2,0.2360334285920732,-120.0679,34.6798
306,,Unknown,Historical,1920,,1920,,1920,,1920,5,0.11303192063903253,-119.686389,34.524444
307,,Unknown,Historical,1949,1950,1949,1950,1940,1950,1940,5,0.14508604051534096,-120.144444,34.586111
308,,Unknown,Historical,1928,,1928,,1920,,1920,5,0.016239131686164022,-120.143611,34.584444
309,,Unknown,Historical,1906,1958,1906,1958,1900,1950,1900,5,0.15177596491765646,-120.4299999,34.6441667
310,,Unknown,Historical,1948,1951,1948,1951,1940,1950,1940,2,0.31272565607697184,-119.6936111,34.55277778
311,,Unknown,Historical,1930,1940,1930,1940,1930,1940,1930,3,0.10994236785642188,-119.5138889,34.4916667
312,,Unknown,Historical,1920,1940,1920,1940,1920,1940,1920,5,0.4085946395271208,-119.683333,34.527778
313,,Unknown,Historical,1954,1962,1954,1962,1950,1960,1950,5,0.19167317137301937,-120.391667,34.633333
314,,Unknown,Historical,1971,1972,1971,1972,1970,1970,1970,5,0.11303192063903253,-119.686389,34.524444
315,,Unknown,Historical,1952,1953,1952,1953,1950,1950,1950,5,0.021433631286644998,-119.8625,34.54305556
316,,Unknown,Historical,1959,1960,1959,1960,1950,1960,1950,5,0.009852879,-120.355556,34.613333
317,,Unknown,Historical,1946,1960,1946,1960,1940,1960,1940,5,0.5493479851305804,-120.5847222,34.6888889
318,,Unknown,Historical,1952,1952,1952,1952,1950,1950,1950,2,0.002887846,-120.4313,34.6924
319,,Unknown,Historical,1952,1952,1952,1952,1950,1950,1950,5,1.712228236,-120.4428,34.6325
320,,Unknown,Historical,1952,1952,1952,1952,1950,1950,1950,5,1.712228236,-120.4428,34.6325
321,,Unknown,Historical,1952,1952,1952,1952,1950,1950,1950,5,1.712228236,-120.4428,34.6325
322,,Unknown,Historical,1906,1934,1906,1934,1900,1930,1900,5,0.7363442868101334,-120.4437,34.6533
323,,Unknown,Historical,1911,1912,1911,1912,1910,1910,1910,5,0.8834059736343667,-120.4425,34.6466
324,,Unknown,Historical,1917,1918,1917,1918,1910,1910,1910,2,1.3632682699601149,-120.4543,34.6399
325,,Unknown,Historical,1973,1974,1973,1974,1970,1970,1970,5,0.069408257,-120.1436111,34.5849997
326,,Unknown,Historical,1961,1962,1961,1962,1960,1960,1960,1,1.533030416169379,-120.55,34.65
327,,Unknown,Historical,1928,1962,1928,1962,1920,1960,1920,5,0.17727744615959798,-119.9958333,34.5916667
328,,Unknown,Historical,1943,1945,1943,1945,1940,1940,1940,1,0.6903581454817341,-119.8286,34.5608
329,,Unknown,Historical,1948,1957,1948,1957,1940,1950,1940,2,0.8664132290302453,-119.9666667,34.5805556
331,,Unknown,Historical,1929,1931,1929,1931,1920,1930,1920,2,1.5870947400912654,-120.4497,34.6382
333,,Unknown,Historical,1930,1931,1930,1931,1930,1930,1930,5,0.9978499025214616,-120.4407,34.6413
334,,Unknown,Historical,1930,1955,1930,1955,1930,1950,1930,3,0.13263605574871645,-119.506944,34.492222
336,,Unknown,Historical,,,,,,,,1,0.018424373,-120.0503,34.6598
337,,Unknown,Historical,1947,1956,1947,1956,1940,1950,1940,5,0.021433631286644998,-119.8625,34.54305556
338,,Unknown,Historical,1961,1963,1961,1963,1960,1960,1960,2,0.1371978951839645,-120.0574,34.6517
339,,Unknown,Historical,1959,1960,1959,1960,1950,1960,1950,5,0.151881181,-120.429999,34.644167
340,,Unknown,Historical,1946,,1946,,1940,,1940,5,0.092072857,-120.1431,34.585
341,,Unknown,Historical,1906,1912,1906,1912,1900,1910,1900,2,1.7443818500791128,-120.4576,34.6471
342,,Unknown,Historical,1920,,1920,,1920,,1920,5,0.11303192063903253,-119.686389,34.524444
343,,Unknown,Historical,1947,1949,1947,1949,1940,1940,1940,5,0.1226246772621595,-120.425,34.636111
344,,Unknown,Historical,1954,1955,1954,1955,1950,1950,1950,5,0.1226246772621595,-120.425,34.636111
346,,Unknown,Historical,1907,1940,1907,1940,1900,1940,1900,5,1.8867499938522223,-120.456,34.651
347,,Unknown,Historical,1948,1948,1948,1948,1940,1940,1940,1,0.3250039488683714,-120.1223,34.6612
348,,Unknown,Historical,1947,1948,1947,1948,1940,1940,1940,1,0.3250039488683714,-120.1223,34.6612
349,,Unknown,Historical,1947,1947,1947,1947,1940,1940,1940,5,1.6563348327679974,-120.4488,34.6435
350,,Unknown,Historical,1947,1948,1947,1948,1940,1940,1940,5,1.6563348327679974,-120.4488,34.6435
351,,Unknown,Historical,1969,1970,1969,1970,1960,1970,1960,5,0.036921717,-120.356389,34.613333
352,,Unknown,Historical,1948,1948,1948,1948,1940,1940,1940,4,0.43719953429488556,-120.1097,34.6483
353,,Unknown,Historical,1955,1956,1955,1956,1950,1950,1950,5,0.014239677854794568,-120.4738889,34.66805556
354,,Unknown,Historical,1947,1948,1947,1948,1940,1940,1940,5,1.6563348327679974,-120.4488,34.6435
355,,Unknown,Historical,1945,1951,1945,1951,1940,1950,1940,1,0.4930184354097745,-120.3692,34.6781
357,,Unknown,Historical,1957,1967,1957,1967,1950,1960,1950,2,0.048431956652384936,-120.1858,34.6591
358,,Unknown,Historical,1971,1972,1971,1972,1970,1970,1970,5,0.025351787038589296,-120.248056,34.610556
359,,Unknown,Historical,1976,1977,1976,1977,1970,1970,1970,5,0.049652367007928876,-120.4255556,34.6377778
360,,Unknown,Historical,1930,1947,1930,1947,1930,1940,1930,3,0.13263605574871645,-119.506944,34.492222
361,,Unknown,Historical,,,,,,,,1,0.081006275,-120.0852,34.6814
363,,Unknown,Historical,1954,1960,1954,1960,1950,1960,1950,5,0.049593810264031764,-120.304167,34.609722
364,,Unknown,Historical,1947,1948,1947,1948,1940,1940,1940,5,0.021433631286644998,-119.8625,34.54305556
365,,Unknown,Historical,1928,1948,1928,1948,1920,1940,1920,2,0.000973705,-119.8569444,34.58888889
367,,Unknown,Historical,1951,1952,1951,1952,1950,1950,1950,1,0.2189290120017681,-120.1667,34.6795
368,,Unknown,Historical,1951,1952,1951,1952,1950,1950,1950,1,0.056809667862848946,-119.6084,34.6378
369,,Unknown,Historical,,,,,,,,2,1.5900616556749352,-120.4605,34.6512
370,,Unknown,Historical,1951,1952,1951,1952,1950,1950,1950,2,1.006775822778315,-120.4644,34.6431
371,,Unknown,Historical,1951,1952,1951,1952,1950,1950,1950,2,1.006775822778315,-120.4644,34.6431
372,,Unknown,Historical,1951,1952,1951,1952,1950,1950,1950,2,1.0425303495294926,-120.4925,34.6361
373,,Unknown,Historical,1930,1968,1930,1968,1930,1960,1930,3,0.12363835138964448,-119.507028,34.492222
374,,Unknown,Historical,1959,1960,1959,1960,1950,1960,1950,5,0.063919241,-120.143056,34.584722
375,,Unknown,Historical,1906,1940,1906,1940,1900,1940,1900,5,0.034984722310018077,-120.43056,34.64167
376,,Unknown,Historical,1954,1964,1954,1964,1950,1960,1950,5,0.041721636,-120.1,34.584333
382,,Unknown,Historical,1951,1952,1951,1952,1950,1950,1950,1,0.7087192075470007,-120.0588,34.642
384,,Unknown,Historical,1911,1912,1911,1912,1910,1910,1910,5,0.15665625106587183,-120.4372,34.6508
385,,Unknown,Historical,1951,1952,1951,1952,1950,1950,1950,2,0.067627464,-120.0236111,34.58888888888889
386,,Unknown,Historical,1920,1967,1920,1967,1920,1960,1920,5,0.11303192063903253,-119.686389,34.524444
387,,Unknown,Historical,1947,1959,1947,1959,1940,1950,1940,5,0.5493479851305804,-120.5847222,34.6888889
388,,Unknown,Historical,1915,1916,1915,1916,1910,1910,1910,2,1.0692424511980692,-120.4583,34.6392
389,,Unknown,Historical,,,,,,,,1,0.30550411585585113,-120.416667,34.683333
390,,Unknown,Historical,1954,1958,1954,1958,1950,1950,1950,5,0.049356287,-120.30417,34.60972
394,,Unknown,Historical,1920,1944,1920,1944,1920,1940,1920,1,0.2969620769850011,-120.0478,34.6645
395,,Unknown,Historical,1928,1965,1928,1965,1920,1960,1920,5,0.1777011765415308,-119.99583,34.59167
396,,Unknown,Historical,1971,1972,1971,1972,1970,1970,1970,5,0.036921717,-120.356389,34.613333
397,,Unknown,Historical,1970,1971,1970,1971,1970,1970,1970,5,0.011121109,-120.143056,34.584167
398,,Unknown,Historical,1961,1962,1961,1962,1960,1960,1960,5,0.1909772942550889,-120.2416667,34.6138889
399,,Unknown,Historical,1966,1967,1966,1967,1960,1960,1960,5,0.1909772942550889,-120.2416667,34.6138889
401,,Unknown,Historical,1906,1960,1906,1960,1900,1960,1900,5,0.5379060619660969,-120.4325,34.6364
402,,Unknown,Historical,1946,1962,1946,1962,1940,1960,1940,5,0.5379060619660969,-120.4325,34.6364
403,,Unknown,Historical,1954,1954,1954,1954,1950,1950,1950,5,0.5379060619660969,-120.4325,34.6364
404,,Unknown,Historical,1941,1941,1941,1941,1940,1940,1940,5,0.5379060619660969,-120.4325,34.6364
405,,Unknown,Historical,1963,1964,1963,1964,1960,1960,1960,5,0.1909772942550889,-120.2416667,34.6138889
406,,Unknown,Historical,1930,1941,1930,1941,1930,1940,1930,3,0.1612887135347845,-119.5144444,34.4916667
407,,Unknown,Historical,1903,1941,1903,1941,1900,1940,1900,5,0.4085550021649641,-119.6833333,34.5277778
408,,Unknown,Historical,1967,1968,1967,1968,1960,1960,1960,5,0.1909772942550889,-120.2416667,34.6138889
410,,Unknown,Historical,,,,,,,,1,0.4982692263779158,-119.6951,34.6528
411,,Unknown,Historical,,,,,,,,1,0.044800182,-119.6873,34.6262
412,,Unknown,Historical,1948,1956,1948,1956,1940,1950,1940,2,0.4259690103368334,-119.9333,34.5667
413,,Unknown,Historical,,,,,,,,1,0.5178854124600896,-119.6485,34.6026
414,,Unknown,Historical,1974,1975,1974,1975,1970,1970,1970,3,0.05543738,-120.183333,34.648611
415,,Unknown,Historical,,,,,,,,3,0.42739171078380267,-119.6688,34.6136
416,,Unknown,Historical,,,,,,,,1,0.19009030572009505,-119.6334,34.6185
417,,Unknown,Historical,,,,,,,,1,0.8028176843416037,-119.6033,34.6234
418,,Unknown,Historical,,,,,,,,1,0.16853192222442234,-119.5925,34.6252
421,,Unknown,Historical,1947,1954,1947,1954,1940,1950,1940,2,0.8690580318140795,-120.4586,34.6373
422,,Unknown,Historical,1964,1965,1964,1965,1960,1960,1960,5,0.006119526,-120.1,34.584722
423,,Unknown,Historical,1969,1970,1969,1970,1960,1970,1960,5,0.061615912,-120.1436,34.5849
424,,Unknown,Historical,1953,1954,1953,1954,1950,1950,1950,5,0.11208663856853265,-119.686,34.527
425,,Unknown,Historical,1906,1936,1906,1936,1900,1930,1900,5,0.034656038,-120.4305556,34.6416667
426,,Unknown,Historical,,,,,,,,1,0.084600012,-120.1547,34.6788
427,,Unknown,Historical,1957,1958,1957,1958,1950,1950,1950,5,0.006119526,-120.1,34.584722
428,,Unknown,Historical,1920,1960,1920,1960,1920,1960,1920,5,0.11303192063903253,-119.686389,34.524444
429,,Unknown,Historical,1970,1971,1970,1971,1970,1970,1970,5,0.049652327,-120.4255556,34.63777778
430,,Unknown,Historical,,,,,,,,1,0.21022568354649168,-120.2085,34.6928
433,,Unknown,Historical,,,,,,,,1,0.3004035249185647,-119.7326,34.6687
434,,Unknown,Historical,,,,,,,,1,0.31717566875373726,-119.7201,34.6717
435,,Unknown,Historical,,,,,,,,1,0.3208586413053932,-119.646,34.6269
436,,Unknown,Historical,,,,,,,,3,0.005327663,-119.6518,34.6391
437,,Unknown,Historical,,,,,,,,2,0.1443387605981995,-119.7211,34.6644
438,,Unknown,Historical,,,,,,,,2,0.4174114018022624,-119.7145,34.6641
439,,Unknown,Historical,,,,,,,,2,0.072665918,-119.6412,34.6568
440,,Unknown,Historical,1951,1952,1951,1952,1950,1950,1950,1,0.7023710349025625,-120.0618,34.6379
441,,Unknown,Historical,1947,,1947,,1940,,1940,5,0.009285504,-119.863889,34.543611
442,,Unknown,Historical,1928,1951,1928,1951,1920,1950,1920,2,0.067643195,-120.023611,34.588889
443,,Unknown,Historical,1913,1914,1913,1914,1910,1910,1910,5,0.5969418385590919,-120.4397,34.6463
444,,Unknown,Historical,1913,1914,1913,1914,1910,1910,1910,2,1.6834170532095467,-120.4597,34.6493
445,,Unknown,Historical,1947,1953,1947,1953,1940,1950,1940,5,0.1226246772621595,-120.425,34.636111
446,,Unknown,Historical,1941,1945,1941,1945,1940,1940,1940,5,0.043207651242742895,-120.494444,34.670833
447,,Unknown,Historical,1942,1943,1942,1943,1940,1940,1940,5,0.4085946395271208,-119.683333,34.527778
449,,Unknown,Historical,1958,1959,1958,1959,1950,1950,1950,5,0.19095179691546166,-120.241667,34.613889
450,,Unknown,Historical,1948,1951,1948,1951,1940,1950,1940,2,0.093660792,-119.947222,34.544444
451,,Unknown,Historical,1947,1966,1947,1966,1940,1960,1940,5,0.072739571,-120.4269444,34.6391667
452,,Unknown,Historical,1956,1957,1956,1957,1950,1950,1950,5,0.11303192063903253,-119.686389,34.524444
456,,Unknown,Historical,1903,1942,1903,1942,1900,1940,1900,5,0.4085946395271208,-119.683333,34.527778
457,,Unknown,Historical,1926,1927,1926,1927,1920,1920,1920,2,1.3083632249276047,-120.46,34.644
458,,Unknown,Historical,,,,,,,,5,0.000324347,-120.061111,34.583333
459,,Unknown,Historical,,,,,,,,5,0.029436291770297822,-120.172222,34.596389
460,,Unknown,Historical,,,,,,,,5,0.023693185769116075,-120.219444,34.616667
461,,Unknown,Historical,,,,,,,,5,0.093071333,-120.269444,34.6
462,,Unknown,Historical,1943,1945,1943,1945,1940,1940,1940,5,0.11208663856853265,-119.686,34.527
465,,Unknown,Historical,1957,1958,1957,1958,1950,1950,1950,1,0.10032764873583516,-120.0374,34.6453
468,,Unknown,Historical,1957,1958,1957,1958,1950,1950,1950,1,0.3474763219758724,-120.0385,34.641
469,,Unknown,Historical,1974,1975,1974,1975,1970,1970,1970,5,0.034248069114797684,-120.474722,34.668333
470,,Unknown,Historical,1957,1958,1957,1958,1950,1950,1950,2,0.19152472844433624,-120.0475,34.646
471,,Unknown,Historical,1957,1958,1957,1958,1950,1950,1950,4,0.8046635554991014,-120.106,34.6443
472,,Unknown,Historical,1957,1958,1957,1958,1950,1950,1950,1,0.5772061102297453,-120.1662,34.6539
473,,Unknown,Historical,1957,1958,1957,1958,1950,1950,1950,1,0.17295123877099372,-120.17,34.654
474,,Unknown,Historical,1957,1958,1957,1958,1950,1950,1950,2,1.8698944817055614,-120.458,34.6505
475,,Unknown,Historical,1957,1958,1957,1958,1950,1950,1950,2,1.2089315108082472,-120.464,34.6475
476,,Unknown,Historical,1906,1918,1906,1918,1900,1910,1900,5,0.10501769330678506,-119.6861,34.527
477,,Unknown,Historical,1906,1949,1906,1949,1900,1940,1900,5,0.034656038,-120.4305556,34.6416667
478,,Unknown,Historical,1941,1942,1941,1942,1940,1940,1940,5,0.043207651242742895,-120.494444,34.670833
479,,Unknown,Historical,1906,1918,1906,1918,1900,1910,1900,5,1.4001063505198088,-120.4575,34.6553
480,,Unknown,Historical,1920,1950,1920,1950,1920,1950,1920,5,0.09934663,-119.686111,34.526944
481,,Unknown,Historical,1947,1954,1947,1954,1940,1950,1940,5,0.021433631286644998,-119.8625,34.54305556
482,,Unknown,Historical,1954,1956,1954,1956,1950,1950,1950,2,0.4259690103368334,-119.9333,34.5667
483,,Unknown,Historical,1963,,1963,,1960,,1960,3,0.05543738,-120.183333,34.648611
484,,Unknown,Historical,1968,1969,1968,1969,1960,1960,1960,3,0.13263605574871645,-119.506944,34.492222
486,,Unknown,Historical,1954,1956,1954,1956,1950,1950,1950,5,0.006119526,-120.1,34.584722
487,,Unknown,Historical,1963,1964,1963,1964,1960,1960,1960,5,0.5492561550694538,-120.58472,34.68889
488,,Unknown,Historical,1928,1957,1928,1957,1920,1950,1920,5,0.17731596710353056,-119.995833,34.591667
489,,Unknown,Historical,1947,1965,1947,1965,1940,1960,1940,5,0.009285504,-119.863889,34.543611
490,,Unknown,Historical,1945,1946,1945,1946,1940,1940,1940,5,0.11208663856853265,-119.686,34.527
491,,Unknown,Historical,1956,1957,1956,1957,1950,1950,1950,5,0.093677816,-120.196,34.607
493,,Unknown,Historical,,,,,,,,5,1.0668738844638022,-120.4572,34.6583
494,,Unknown,Historical,1954,1960,1954,1960,1950,1960,1950,5,0.034248069114797684,-120.474722,34.668333
495,,Unknown,Historical,1959,1960,1959,1960,1950,1960,1950,5,0.19167317137301937,-120.391667,34.633333
496,,Unknown,Historical,1941,1965,1941,1965,1940,1960,1940,5,0.001247773,-120.491667,34.672222
497,,Unknown,Historical,1961,1962,1961,1962,1960,1960,1960,5,0.007558696,-119.8639,34.5436
498,,Unknown,Historical,,,,,,,,5,0.071281148,-120.4572,34.6673
499,,Unknown,Historical,1954,1955,1954,1955,1950,1950,1950,5,0.19167317137301937,-120.391667,34.633333
500,,Unknown,Historical,,,,,,,,5,1.6625317490696583,-120.4507,34.6488
501,,Unknown,Historical,,,,,,,,1,0.009501163,-120.1861,34.6556
503,,Unknown,Historical,,,,,,,,1,0.1444484302626824,-120.1382,34.6961
504,,Unknown,Historical,,,,,,,,5,0.6335136403625431,-120.4421,34.6523
505,,Unknown,Historical,,,,,,,,3,0.092218603,-120.1812,34.6566
506,,Unknown,Historical,,,,,,,,1,0.25530389247056057,-120.1709,34.6504
507,,Unknown,Historical,,,,,,,,5,1.6625317490696583,-120.4507,34.6488
508,,Unknown,Historical,1963,1965,1963,1965,1960,1960,1960,1,0.1452217885450525,-120.0677,34.6278
509,,Unknown,Historical,1941,1950,1941,1950,1940,1950,1940,5,0.5493479851305804,-120.5847222,34.6888889
510,,Unknown,Historical,1947,1950,1947,1950,1940,1950,1940,5,0.5493479851305804,-120.5847222,34.6888889
511,,Unknown,Historical,1963,1964,1963,1964,1960,1960,1960,5,0.09934663,-119.686111,34.526944
512,,Unknown,Historical,1957,1958,1957,1958,1950,1950,1950,5,0.093677816,-120.196,34.607
513,,Unknown,Historical,1947,1977,1947,1977,1940,1970,1940,5,0.007558696,-119.8639,34.5436
514,,Unknown,Historical,1947,1952,1947,1952,1940,1950,1940,5,1.2860067009266427,-120.591667,34.690278
516,,Unknown,Historical,,,,,,,,1,0.6208435223965552,-120.367,34.678
517,,Unknown,Historical,1967,1968,1967,1968,1960,1960,1960,5,0.1909798439889992,-120.2416667,34.61388889
518,,Unknown,Historical,1959,1960,1959,1960,1950,1960,1950,5,0.1783159413079416,-120.2417,34.614
519,,Unknown,Historical,1947,1947,1947,1947,1940,1940,1940,5,0.081994727,-120.455556,34.669444
521,,Unknown,Historical,1941,1942,1941,1942,1940,1940,1940,3,0.10994236785642188,-119.5138889,34.4916667
522,,Unknown,Historical,1954,1956,1954,1956,1950,1950,1950,2,0.099610202,-119.9694,34.5667
523,,Unknown,Historical,1954,1956,1954,1956,1950,1950,1950,2,0.15096228628362499,-119.8806,34.5444
524,,Unknown,Historical,1969,1970,1969,1970,1960,1970,1960,5,0.049652367007928876,-120.4255556,34.6377778
525,,Unknown,Historical,1920,,1920,,1920,,1920,5,0.11303192063903253,-119.686389,34.524444
526,,Unknown,Historical,1966,1967,1966,1967,1960,1960,1960,2,1.3835737044302254,-120.4528,34.6389
527,,Unknown,Historical,1954,1955,1954,1955,1950,1950,1950,2,0.22355048150159354,-119.8805556,34.5416667
528,,Unknown,Historical,1947,1955,1947,1955,1940,1950,1940,5,0.051546417,-119.8625,34.542778
529,,Unknown,Historical,1906,1912,1906,1912,1900,1910,1900,5,1.353515181129798,-120.4451,34.6419
530,,Unknown,Historical,,,,,,,,2,0.22471577795160796,-120.0584,34.6502
532,,Unknown,Historical,1966,1968,1966,1968,1960,1960,1960,4,0.00438436,-120.0244,34.6381
533,,Unknown,Historical,1928,1947,1928,1947,1920,1940,1920,5,0.14508604051534096,-120.144444,34.586111
534,,Unknown,Historical,1941,1969,1941,1969,1940,1960,1940,5,0.001247773,-120.491667,34.672222
535,,Unknown,Historical,1935,1936,1935,1936,1930,1930,1930,2,0.067629037,-120.0236111,34.5888889
536,,Unknown,Historical,1965,1966,1965,1966,1960,1960,1960,5,0.11303192063903253,-119.686389,34.524444
537,,Unknown,Historical,1948,1956,1948,1956,1940,1950,1940,5,0.1909772942550889,-120.2416667,34.6138889
538,,Unknown,Historical,1936,1937,1936,1937,1930,1930,1930,2,0.067627466,-120.0236111,34.58888889
539,,Unknown,Historical,1928,1944,1928,1944,1920,1940,1920,3,0.083216009,-119.8016,34.5825
540,,Unknown,Historical,1928,1944,1928,1944,1920,1940,1920,3,0.47437286194957146,-119.7755,34.5608
541,,Unknown,Historical,1928,1944,1928,1944,1920,1940,1920,1,0.3724188703844235,-119.7483,34.5284
542,,Unknown,Historical,1906,1955,1906,1955,1900,1950,1900,5,0.034685918653240264,-120.430556,34.641667
543,,Unknown,Historical,1920,1968,1920,1968,1920,1960,1920,5,0.10501769330678506,-119.6861,34.527
544,,Unknown,Historical,1954,1956,1954,1956,1950,1950,1950,2,0.093660792,-119.947222,34.544444
545,,Unknown,Historical,1906,1912,1906,1912,1900,1910,1900,2,1.5553093597193184,-120.4574,34.6448
546,,Unknown,Historical,1928,1959,1928,1959,1920,1950,1920,5,0.17727744615959798,-119.9958333,34.5916667
547,,Unknown,Historical,1952,1953,1952,1953,1950,1950,1950,1,0.29997535530837444,-120.205,34.6672
548,,Unknown,Historical,1946,1947,1946,1947,1940,1940,1940,5,0.034656038,-120.4305556,34.6416667
549,,Unknown,Historical,1950,1951,1950,1951,1950,1950,1950,5,0.14508604051534096,-120.144444,34.586111
550,,Unknown,Historical,1968,1969,1968,1969,1960,1960,1960,5,0.009852879,-120.355556,34.613333
551,,Unknown,Historical,1949,1950,1949,1950,1940,1950,1940,5,0.081994727,-120.455556,34.669444
552,,Unknown,Historical,1966,1967,1966,1967,1960,1960,1960,5,0.1783159413079416,-120.2417,34.614
553,,Unknown,Historical,1971,1972,1971,1972,1970,1970,1970,5,0.001247773,-120.491667,34.672222
555,,Unknown,Historical,1954,1964,1954,1964,1950,1960,1950,5,0.022499224788749998,-120.305556,34.609722
556,,Unknown,Historical,1969,1970,1969,1970,1960,1970,1960,5,0.09870913,-120.24722,34.61056
557,,Unknown,Historical,1932,1950,1932,1950,1930,1950,1930,5,0.063919241,-120.143056,34.584722
558,,Unknown,Historical,1965,1966,1965,1966,1960,1960,1960,5,0.17727744615959798,-119.9958333,34.5916667
559,,Unknown,Historical,1964,1965,1964,1965,1960,1960,1960,1,0.28294087702723125,-120.2057,34.6689
560,,Unknown,Historical,1957,1959,1957,1959,1950,1950,1950,1,0.8845701639309014,-120.2,34.7
561,,Unknown,Historical,1939,1940,1939,1940,1930,1940,1930,2,0.067643195,-120.023611,34.588889
562,,Unknown,Historical,1969,1969,1969,1969,1960,1960,1960,2,0.23451797269538405,-120.477,34.646
563,,Unknown,Historical,1906,1925,1906,1925,1900,1920,1900,2,1.0331970459244841,-120.4591,34.6398
564,,Unknown,Historical,1969,1970,1969,1970,1960,1970,1960,2,0.23451797269538405,-120.477,34.646
565,,Unknown,Historical,1904,1905,1904,1905,1900,1900,1900,2,0.015895292516631958,-120.0459,34.6404
566,,Unknown,Historical,1971,1972,1971,1972,1970,1970,1970,5,0.069351775,-120.143611,34.584999
567,,Unknown,Historical,1906,1957,1906,1957,1900,1950,1900,5,0.151881181,-120.429999,34.644167
568,,Unknown,Historical,1946,1965,1946,1965,1940,1960,1940,5,0.5493479851305804,-120.5847222,34.6888889
569,,Unknown,Historical,1906,1931,1906,1931,1900,1930,1900,2,0.20125955703500129,-120.4636,34.6333
570,,Unknown,Historical,1963,1965,1963,1965,1960,1960,1960,4,0.016600258509719946,-120.0219,34.6204
571,,Unknown,Historical,1956,1957,1956,1957,1950,1950,1950,5,0.006119526,-120.1,34.584722
572,,Unknown,Historical,1946,1947,1946,1947,1940,1940,1940,2,0.06778477,-120.02361,34.58889
574,,Unknown,Historical,1906,1942,1906,1942,1900,1940,1900,5,0.034656038,-120.4305556,34.6416667
575,,Unknown,Historical,1906,1952,1906,1952,1900,1950,1900,5,0.034656038,-120.4305556,34.6416667
576,,Unknown,Historical,1974,1975,1974,1975,1970,1970,1970,5,0.049652367007928876,-120.4255556,34.6377778
579,,Unknown,Historical,1933,1933,1933,1933,1930,1930,1930,2,0.5164526600815422,-119.7139,34.6662
580,,Unknown,Historical,1933,1933,1933,1933,1930,1930,1930,2,0.5164526600815422,-119.7139,34.6662
581,,Unknown,Historical,1961,1962,1961,1962,1960,1960,1960,5,0.19167317137301937,-120.391667,34.633333
582,,Unknown,Historical,1928,1952,1928,1952,1920,1950,1920,1,0.023678720570070998,-120.3,34.7
583,,Unknown,Historical,1928,1952,1928,1952,1920,1950,1920,1,0.1356248718046741,-120.4,34.6
584,,Unknown,Historical,1954,1962,1954,1962,1950,1960,1950,5,0.034248069114797684,-120.474722,34.668333
585,,Unknown,Historical,1928,1952,1928,1952,1920,1950,1920,1,0.023678720570070998,-120.3,34.7
586,,Unknown,Historical,1928,1952,1928,1952,1920,1950,1920,1,0.3554178651394008,-120.5,34.6
587,,Unknown,Historical,1928,1952,1928,1952,1920,1950,1920,1,0.8411180241431693,-120.4,34.7
588,,Unknown,Historical,1928,1952,1928,1952,1920,1950,1920,1,0.358203124,-120.3,34.6
589,,Unknown,Historical,1928,1955,1928,1955,1920,1950,1920,2,0.067643195,-120.023611,34.588889
590,,Unknown,Historical,1920,1968,1920,1968,1920,1960,1920,5,0.11303192063903253,-119.686389,34.524444
591,,Unknown,Historical,1944,1945,1944,1945,1940,1940,1940,5,0.034656038,-120.4305556,34.6416667
592,,Unknown,Historical,1906,1918,1906,1918,1900,1910,1900,5,1.3591504983374276,-120.4483,34.6501
593,,Unknown,Historical,1940,1941,1940,1941,1940,1940,1940,2,0.067627466,-120.0236111,34.58888889
594,,Unknown,Historical,1932,1933,1932,1933,1930,1930,1930,5,1.0738888441646868,-120.4564,34.6583
595,,Unknown,Historical,1977,1978,1977,1978,1970,1970,1970,5,0.049572570538476614,-120.4255556,34.637777
596,,Unknown,Historical,1941,1971,1941,1971,1940,1970,1940,5,0.001247773,-120.491667,34.672222
597,,Unknown,Historical,1928,1935,1928,1935,1920,1930,1920,5,0.1462015381810231,-120.1444,34.5861
598,,Unknown,Historical,1947,1957,1947,1957,1940,1950,1940,5,0.081994727,-120.455556,34.669444
599,,Unknown,Historical,1954,1957,1954,1957,1950,1950,1950,5,0.019116149,-120.473611,34.668056
600,,Unknown,Historical,1954,1970,1954,1970,1950,1970,1950,5,0.030165269377641662,-120.4747,34.6683
602,,Unknown,Historical,1930,1960,1930,1960,1930,1960,1930,3,0.1273278607090522,-119.507,34.4922
603,,Unknown,Historical,1974,1975,1974,1975,1970,1970,1970,5,0.013245943,-120.143611,34.584167
604,,Unknown,Historical,1904,1944,1904,1944,1900,1940,1900,1,0.4857229994799317,-120.0216,34.5532
606,,Unknown,Historical,1964,1965,1964,1965,1960,1960,1960,5,0.063919241,-120.143056,34.584722
607,,Unknown,Historical,1947,1965,1947,1965,1940,1960,1940,5,0.009302937,-119.8638889,34.54361111
608,,Unknown,Historical,,,,,,,,1,0.4663778848759078,-120,34.7
609,,Unknown,Historical,1952,1953,1952,1953,1950,1950,1950,5,0.1909772942550889,-120.2416667,34.6138889
610,,Unknown,Historical,1968,1970,1968,1970,1960,1970,1960,1,0.302565286,-120.1736,34.6443
611,,Unknown,Historical,1973,1974,1973,1974,1970,1970,1970,5,0.036921717,-120.356389,34.613333
612,,Unknown,Historical,1930,1951,1930,1951,1930,1950,1930,3,0.12363835138964448,-119.507028,34.492222
615,,Unknown,Historical,,,,,,,,5,1.8127417154985987,-120.4492,34.6408
616,,Unknown,Historical,1941,,1941,,1940,,1940,5,0.001247773,-120.491667,34.672222
618,,Unknown,Historical,1969,1970,1969,1970,1960,1970,1960,1,0.16330390814108178,-119.98778,34.58917
619,,Unknown,Historical,1947,1954,1947,1954,1940,1950,1940,5,1.2859627009313364,-120.5916667,34.69027778
621,,Unknown,Historical,1946,1946,1946,1946,1940,1940,1940,4,0.031818243,-120.0257,34.6481
622,,Unknown,Historical,1910,1912,1910,1912,1910,1910,1910,5,0.16074091888110034,-120.4361,34.6567
623,,Unknown,Historical,1946,1946,1946,1946,1940,1940,1940,4,0.031818243,-120.0257,34.6481
624,,Unknown,Historical,1945,1946,1945,1946,1940,1940,1940,4,0.043433031,-120.1152,34.6534
625,,Unknown,Historical,1930,1937,1930,1937,1930,1930,1930,3,0.1612887135347845,-119.5144444,34.4916667
626,,Unknown,Historical,1903,1937,1903,1937,1900,1930,1900,1,0.34560808407784244,-119.6833333,34.5288889
627,,Unknown,Historical,1930,1959,1930,1959,1930,1950,1930,3,0.11777680840582398,-119.507083,34.492222
628,,Unknown,Historical,1945,1946,1945,1946,1940,1940,1940,1,0.21597008887319782,-120.1693,34.6551
629,,Unknown,Historical,1928,1954,1928,1954,1920,1950,1920,5,0.14508604051534096,-120.144444,34.586111
630,,Unknown,Historical,1956,1957,1956,1957,1950,1950,1950,5,0.5493479851305804,-120.5847222,34.6888889
631,,Unknown,Historical,1920,1956,1920,1956,1920,1950,1920,5,0.11303192063903253,-119.686389,34.524444
632,,Unknown,Historical,1951,1952,1951,1952,1950,1950,1950,5,0.14508604051534096,-120.144444,34.586111
633,,Unknown,Historical,1965,1966,1965,1966,1960,1960,1960,5,0.093376237,-120.14306,34.585
634,,Unknown,Historical,1911,1912,1911,1912,1910,1910,1910,5,1.068433826327011,-120.4415,34.6414
636,,Unknown,Historical,1963,1964,1963,1964,1960,1960,1960,5,0.17731596710353056,-119.995833,34.591667
637,,Unknown,Historical,1958,1959,1958,1959,1950,1950,1950,5,0.049593810264031764,-120.304167,34.609722
638,,Unknown,Historical,1914,1915,1914,1915,1910,1910,1910,1,0.15170251132434867,-119.61,34.6481
639,,Unknown,Historical,1920,1963,1920,1963,1920,1960,1920,2,0.1786477149491144,-119.686389,34.521111
640,,Unknown,Historical,1946,1960,1946,1960,1940,1960,1940,5,0.5493479851305804,-120.5847222,34.6888889
641,,Unknown,Historical,1964,1965,1964,1965,1960,1960,1960,5,0.1909772942550889,-120.2416667,34.6138889
644,,Unknown,Historical,1945,1946,1945,1946,1940,1940,1940,2,0.06778477,-120.02361,34.58889
646,,Unknown,Historical,1910,1912,1910,1912,1910,1910,1910,2,1.6395616066873988,-120.4573,34.6457
647,,Unknown,Historical,1928,,1928,,1920,,1920,5,0.17727744615959798,-119.9958333,34.5916667
648,,Unknown,Historical,1969,1970,1969,1970,1960,1970,1960,5,0.009285504,-119.863889,34.543611
651,,Unknown,Historical,1906,1912,1906,1912,1900,1910,1900,2,1.1937111340657158,-120.4641,34.6493
652,,Unknown,Historical,1954,1956,1954,1956,1950,1950,1950,2,0.063254386,-119.9111111,34.5527778
653,,Unknown,Historical,1906,1913,1906,1913,1900,1910,1900,5,1.023242266605517,-120.445,34.65
654,,Unknown,Historical,1948,1954,1948,1954,1940,1950,1940,2,0.15176633253449098,-119.880556,34.544444
655,,Unknown,Historical,1957,1962,1957,1962,1950,1960,1950,5,0.8957186924602137,-120.46,34.66
656,,Unknown,Historical,1964,1965,1964,1965,1960,1960,1960,5,0.026531604,-120.4275,34.6391667
657,,Unknown,Historical,1913,1913,1913,1913,1910,1910,1910,2,0.7444271324379199,-120.468,34.656
658,,Unknown,Historical,1928,1958,1928,1958,1920,1950,1920,5,0.063919241,-120.143056,34.584722
659,,Unknown,Historical,1946,1960,1946,1960,1940,1960,1940,5,0.034942317,-120.456944,34.668333
660,,Unknown,Historical,1947,1964,1947,1964,1940,1960,1940,5,0.009285504,-119.863889,34.543611
661,,Unknown,Historical,1975,1976,1975,1976,1970,1970,1970,5,0.049652367007928876,-120.4255556,34.6377778
662,,Unknown,Historical,1953,1954,1953,1954,1950,1950,1950,2,0.22326700940813576,-119.88056,34.54167
663,,Unknown,Historical,1945,1967,1945,1967,1940,1960,1940,1,0.47915603017979813,-120.1667,34.5833
664,,Unknown,Historical,1947,1950,1947,1950,1940,1950,1940,5,0.081994727,-120.455556,34.669444
665,,Unknown,Historical,1940,1946,1940,1946,1940,1940,1940,5,0.001247773,-120.491667,34.672222
666,,Unknown,Historical,1955,1956,1955,1956,1950,1950,1950,5,0.030936888552751153,-120.425,34.6375
667,,Unknown,Historical,1911,1912,1911,1912,1910,1910,1910,1,0.3364308028774486,-120.173,34.6798
672,,Unknown,Historical,1903,1943,1903,1943,1900,1940,1900,5,0.1106366298971605,-120.0853,34.5799
673,,Unknown,Historical,1967,1968,1967,1968,1960,1960,1960,5,0.034248069114797684,-120.474722,34.668333
674,,Unknown,Historical,1963,1964,1963,1964,1960,1960,1960,5,0.035843996586187296,-120.4326,34.6447
675,,Unknown,Historical,1964,1965,1964,1965,1960,1960,1960,5,0.035843996586187296,-120.4326,34.6447
676,,Unknown,Historical,1967,1968,1967,1968,1960,1960,1960,5,0.166911136,-119.9963889,34.5916667
677,,Unknown,Historical,1954,1956,1954,1956,1950,1950,1950,5,0.049620199,-120.3041667,34.60972222
678,,Unknown,Historical,1948,1949,1948,1949,1940,1940,1940,5,0.051329432,-119.8625,34.54278
679,,Unknown,Historical,1917,1917,1917,1917,1910,1910,1910,5,1.900214939126563,-120.455,34.651
680,,Unknown,Historical,1947,1954,1947,1954,1940,1950,1940,5,0.081994727,-120.455556,34.669444
682,,Unknown,Historical,1957,1958,1957,1958,1950,1950,1950,5,0.030936888552751153,-120.425,34.6375
683,,Unknown,Historical,1965,1966,1965,1966,1960,1960,1960,1,0.2010231746575027,-120.1433,34.625
684,,Unknown,Historical,1906,1939,1906,1939,1900,1930,1900,5,0.03465305,-120.4305556,34.64166667
685,,Unknown,Historical,1948,1949,1948,1949,1940,1940,1940,2,0.069200517,-120.0236,34.5889
691,,Unknown,Historical,1947,1952,1947,1952,1940,1950,1940,5,0.081994727,-120.455556,34.669444
692,,Unknown,Historical,1928,1931,1928,1931,1920,1930,1920,1,0.07367326,-119.6022,34.6333
693,,Unknown,Historical,1942,1943,1942,1943,1940,1940,1940,2,0.069200517,-120.0236,34.5889
694,,Unknown,Historical,1954,1959,1954,1959,1950,1950,1950,5,0.093677816,-120.196,34.607
695,,Unknown,Historical,,,,,,,,1,0.5800860926329673,-120.03,34.69
696,,Unknown,Historical,1934,1935,1934,1935,1930,1930,1930,2,0.08883855,-120.0155,34.6293
697,,Unknown,Historical,1947,1975,1947,1975,1940,1970,1940,5,0.007558696,-119.8639,34.5436
698,,Unknown,Historical,1943,1944,1943,1944,1940,1940,1940,5,0.4085946395271208,-119.683333,34.527778
699,,Unknown,Historical,1941,1965,1941,1965,1940,1960,1940,4,0.14787891005140041,-120.4075,34.5888889
700,,Unknown,Historical,,,,,,,,5,0.25164373902755727,-120.4408,34.6569
701,,Unknown,Historical,1947,1950,1947,1950,1940,1950,1940,5,0.030936888552751153,-120.425,34.6375
702,,Unknown,Historical,,,,,,,,2,0.088891412,-120.3786,34.6839
703,,Unknown,Historical,1906,1918,1906,1918,1900,1910,1900,2,1.5297387600554924,-120.4601,34.6464
704,,Unknown,Historical,,,,,,,,1,0.8458658274040063,-120.4172,34.7165
705,,Unknown,Historical,1936,1937,1936,1937,1930,1930,1930,5,0.034656038,-120.4305556,34.6416667
706,,Unknown,Historical,1935,1965,1935,1965,1930,1960,1930,5,0.17731596710353056,-119.995833,34.591667
708,,Unknown,Historical,1906,1948,1906,1948,1900,1940,1900,5,0.034656038,-120.4305556,34.6416667
709,,Unknown,Historical,1966,1967,1966,1967,1960,1960,1960,5,0.026531604,-120.4275,34.6391667
710,,Unknown,Historical,1966,1968,1966,1968,1960,1960,1960,5,1.7328395710515871,-120.4442,34.6347
711,,Unknown,Historical,1954,1963,1954,1963,1950,1960,1950,5,0.022499224788749998,-120.305556,34.609722
712,,Unknown,Historical,1957,1963,1957,1963,1950,1960,1950,2,0.9152418736215084,-120.4666,34.6494
713,,Unknown,Historical,1951,1952,1951,1952,1950,1950,1950,5,0.11303192063903253,-119.686389,34.524444
714,,Unknown,Historical,1957,1963,1957,1963,1950,1960,1950,2,0.9152418736215084,-120.4666,34.6494
716,,Unknown,Historical,1947,1956,1947,1956,1940,1950,1940,5,0.5493479851305804,-120.5847222,34.6888889
717,,Unknown,Historical,1930,1963,1930,1963,1930,1960,1930,3,0.13263605574871645,-119.506944,34.492222
718,,Unknown,Historical,1947,1947,1947,1947,1940,1940,1940,5,0.009128521,-119.86389,34.54361
719,,Unknown,Historical,1947,1968,1947,1968,1940,1960,1940,5,0.030208489873788165,-119.864444,34.543611
722,,Unknown,Historical,1961,1962,1961,1962,1960,1960,1960,5,0.041569324,-120.457222,34.668333
723,,Unknown,Historical,,,,,,,,2,0.2794077389898135,-120.0597,34.65
724,,Unknown,Historical,1903,1903,1903,1903,1900,1900,1900,2,0.058217903894772126,-120.0085,34.5839
725,,Unknown,Historical,1954,1957,1954,1957,1950,1950,1950,5,0.00986585,-120.3555556,34.6133333
726,,Unknown,Historical,1920,1935,1920,1935,1920,1930,1920,5,0.4085946395271208,-119.683333,34.527778
727,,Unknown,Historical,1965,1966,1965,1966,1960,1960,1960,5,0.030208489873788165,-119.864444,34.543611
728,,Unknown,Historical,1948,1949,1948,1949,1940,1940,1940,2,0.15176633253449098,-119.880556,34.544444
729,,Unknown,Historical,1928,1928,1928,1928,1920,1920,1920,2,0.15968349092192474,-120.0573,34.6277
730,,Unknown,Historical,1948,1949,1948,1949,1940,1940,1940,2,0.063233383,-119.911111,34.552777
731,,Unknown,Historical,1920,1953,1920,1953,1920,1950,1920,5,0.11303192063903253,-119.686389,34.524444
732,,Unknown,Historical,1947,1959,1947,1959,1940,1950,1940,5,0.030936888552751153,-120.425,34.6375
733,,Unknown,Historical,1947,1951,1947,1951,1940,1950,1940,5,0.021433631286644998,-119.8625,34.54305556
739,,Unknown,Historical,1948,1949,1948,1949,1940,1940,1940,2,0.093660792,-119.947222,34.544444
741,,Unknown,Historical,,,,,,,,2,0.4217971087516049,-119.933333,34.566667
742,,Unknown,Historical,1948,1949,1948,1949,1940,1940,1940,2,0.099610202,-119.9694,34.5667
743,,Unknown,Historical,1948,1949,1948,1949,1940,1940,1940,5,0.9549845286386662,-119.972222,34.580556
747,,Unknown,Historical,1947,1965,1947,1965,1940,1960,1940,5,0.070171069,-120.427222,34.639444
748,,Unknown,Historical,1946,1947,1946,1947,1940,1940,1940,5,0.021433631286644998,-119.8625,34.54305556
749,,Unknown,Historical,1928,1938,1928,1938,1920,1930,1920,5,0.14508604051534096,-120.144444,34.586111
750,,Unknown,Historical,1944,1945,1944,1945,1940,1940,1940,3,0.13263605574871645,-119.506944,34.492222
751,,Unknown,Historical,1966,1967,1966,1967,1960,1960,1960,5,0.009128521,-119.86389,34.54361
752,,Unknown,Historical,1931,1932,1931,1932,1930,1930,1930,1,0.37870305457314485,-120.1246,34.6348
754,,Unknown,Historical,1964,1965,1964,1965,1960,1960,1960,5,0.11303192063903253,-119.686389,34.524444
755,,Unknown,Historical,1956,1957,1956,1957,1950,1950,1950,5,0.1909772942550889,-120.2416667,34.6138889
758,,Unknown,Historical,1928,1960,1928,1960,1920,1960,1920,5,0.060139562747986756,-120.1431,34.5847
759,,Unknown,Historical,,,,,,,,2,0.3188532768110516,-120.4221,34.6844
760,,Unknown,Historical,1928,1960,1928,1960,1920,1960,1920,5,0.17727744615959798,-119.9958333,34.5916667
762,,Unknown,Historical,,,,,,,,1,0.23394219807594552,-120.0252,34.6989
763,,Unknown,Historical,,,,,,,,1,0.23394219807594552,-120.0252,34.6989
764,,Unknown,Historical,,,,,,,,3,0.2424741465495899,-119.6378,34.6447
765,,Unknown,Historical,,,,,,,,3,0.2424741465495899,-119.6378,34.6447
766,,Unknown,Historical,,,,,,,,3,0.39308175922399213,-120.1801,34.6515
767,,Unknown,Historical,,,,,,,,5,1.5463615123558392,-120.4462,34.6404
768,,Unknown,Historical,1948,1951,1948,1951,1940,1950,1940,5,0.19095179691546166,-120.241667,34.613889
769,,Unknown,Historical,1961,1962,1961,1962,1960,1960,1960,1,0.2594082286987752,-120.4667,34.6167
770,,Unknown,Historical,1962,1963,1962,1963,1960,1960,1960,1,0.2594082286987752,-120.4667,34.6167
771,,Unknown,Historical,1954,1957,1954,1957,1950,1950,1950,5,0.049593810264031764,-120.304167,34.609722
772,,Unknown,Historical,1928,1950,1928,1950,1920,1950,1920,2,0.06778477,-120.02361,34.58889
773,,Unknown,Historical,1947,1948,1947,1948,1940,1940,1940,5,0.081994727,-120.455556,34.669444
774,,Unknown,Historical,1947,1948,1947,1948,1940,1940,1940,5,1.2860067009266427,-120.591667,34.690278
775,,Unknown,Historical,1966,1967,1966,1967,1960,1960,1960,5,0.17731596710353056,-119.995833,34.591667
776,,Unknown,Historical,1930,1967,1930,1967,1930,1960,1930,3,0.13263605574871645,-119.506944,34.492222
777,,Unknown,Historical,1920,1959,1920,1959,1920,1950,1920,5,0.11303192063903253,-119.686389,34.524444
778,,Unknown,Historical,1968,1970,1968,1970,1960,1970,1960,1,0.3331713078057353,-120.181,34.695
779,,Unknown,Historical,1937,1938,1937,1938,1930,1930,1930,2,0.067643195,-120.023611,34.588889
780,,Unknown,Historical,1962,1963,1962,1963,1960,1960,1960,1,1.7028506997609179,-120.5,34.752778
781,,Unknown,Historical,1950,1959,1950,1959,1950,1950,1950,2,0.2235533018186033,-119.8805556,34.54166667
782,,Unknown,Historical,1920,1962,1920,1962,1920,1960,1920,5,0.09934663,-119.686111,34.526944
783,,Unknown,Historical,1916,1916,1916,1916,1910,1910,1910,2,1.3463715183840042,-120.4578,34.6426
784,,Unknown,Historical,1941,1942,1941,1942,1940,1940,1940,2,0.067627466,-120.0236111,34.58888889
786,,Unknown,Historical,1929,1939,1929,1939,1920,1930,1920,1,0.24130164755018516,-120.0596,34.6953
787,,Unknown,Historical,1908,1939,1908,1939,1900,1930,1900,5,1.7046565583446478,-120.4489,34.6425
788,,Unknown,Historical,1920,1930,1920,1930,1920,1930,1920,2,0.4908999137280851,-120.0445,34.6328
789,,Unknown,Historical,1920,1960,1920,1960,1920,1960,1920,5,0.11303192063903253,-119.686389,34.524444
790,,Unknown,Historical,1920,1965,1920,1965,1920,1960,1920,5,0.11303192063903253,-119.686389,34.524444
791,,Unknown,Historical,1913,1915,1913,1915,1910,1910,1910,2,1.6264278097698548,-120.4505,34.6397
792,,Unknown,Historical,1943,1945,1943,1945,1940,1940,1940,5,0.09934663,-119.686111,34.526944
794,,Unknown,Historical,1962,1963,1962,1963,1960,1960,1960,5,0.097818963,-120.1425,34.584722
795,,Unknown,Historical,1920,1955,1920,1955,1920,1950,1920,5,0.11303192063903253,-119.686389,34.524444
796,,Unknown,Historical,,,,,,,,5,1.4909813789141426,-120.4489,34.6481
797,,Unknown,Historical,1941,1946,1941,1946,1940,1940,1940,5,0.043207651242742895,-120.494444,34.670833
798,,Unknown,Historical,1957,1957,1957,1957,1950,1950,1950,1,0.1889564294368034,-120.17,34.6925
799,,Unknown,Historical,1942,1943,1942,1943,1940,1940,1940,5,0.043207651242742895,-120.494444,34.670833
800,,Unknown,Historical,1968,1970,1968,1970,1960,1970,1960,2,0.34908563296601586,-120.4669,34.6375
802,,Unknown,Historical,,,,,,,,1,0.073578696,-120.06,34.66
803,,Unknown,Historical,1947,1953,1947,1953,1940,1950,1940,5,1.2860067009266427,-120.591667,34.690278
804,,Unknown,Historical,1906,1915,1906,1915,1900,1910,1900,2,1.2438409487679143,-120.4498,34.6323
805,,Unknown,Historical,1963,1963,1963,1963,1960,1960,1960,3,1.2489013378387497,-120.095,34.6444
806,,Unknown,Historical,,,,,,,,1,0.4219649366327822,-120.1581,34.6503
807,,Unknown,Historical,1954,1961,1954,1961,1950,1960,1950,5,0.034248069114797684,-120.474722,34.668333
808,,Unknown,Historical,1943,1944,1943,1944,1940,1940,1940,5,0.034656038,-120.4305556,34.6416667
809,,Unknown,Historical,1954,1961,1954,1961,1950,1960,1950,5,0.19167317137301937,-120.391667,34.633333
810,,Unknown,Historical,1920,1954,1920,1954,1920,1950,1920,5,0.11303192063903253,-119.686389,34.524444
811,,Unknown,Historical,1977,1978,1977,1978,1970,1970,1970,5,0.6552377803670455,-120.4265,34.6471
812,,Unknown,Historical,1959,1960,1959,1960,1950,1960,1950,5,0.071180234,-120.1,34.584
813,,Unknown,Historical,1954,1955,1954,1955,1950,1950,1950,5,0.11208663856853265,-119.686,34.527
814,,Unknown,Historical,1906,1932,1906,1932,1900,1930,1900,5,1.6408516170051772,-120.4493,34.6452
815,,Unknown,Historical,1906,1960,1906,1960,1900,1960,1900,5,0.151881181,-120.429999,34.644167
816,,Unknown,Historical,1947,1956,1947,1956,1940,1950,1940,5,0.081994727,-120.455556,34.669444
817,,Unknown,Historical,1947,,1947,,1940,,1940,5,0.009285504,-119.863889,34.543611
818,,Unknown,Historical,1947,1950,1947,1950,1940,1950,1940,5,0.1226246772621595,-120.425,34.636111
819,,Unknown,Historical,1970,1971,1970,1971,1970,1970,1970,5,0.022260968060252868,-120.248611,34.610555
821,,Unknown,Historical,1954,1960,1954,1960,1950,1960,1950,5,0.023939460250231824,-120.099998,34.584999
825,,Unknown,Historical,1932,1933,1932,1933,1930,1930,1930,4,0.025101633118389723,-120.1136,34.6508
826,,Unknown,Historical,1928,1939,1928,1939,1920,1930,1920,5,0.14508604051534096,-120.144444,34.586111
827,,Unknown,Historical,1906,1916,1906,1916,1900,1910,1900,2,0.12096545828627948,-120.4648,34.6333
828,,Unknown,Historical,1969,1970,1969,1970,1960,1970,1960,5,0.034248069114797684,-120.474722,34.668333
829,,Unknown,Historical,1951,1952,1951,1952,1950,1950,1950,1,0.36879894933315405,-119.6986,34.6478
830,,Unknown,Historical,1928,,1928,,1920,,1920,5,0.069351775,-120.143611,34.584999
831,,Unknown,Historical,1958,1959,1958,1959,1950,1950,1950,5,0.014239677854794568,-120.4738889,34.66805556
832,,Unknown,Historical,1928,1956,1928,1956,1920,1950,1920,5,0.097818963,-120.1425,34.584722
833,,Unknown,Historical,1947,1960,1947,1960,1940,1960,1940,5,0.021433631286644998,-119.8625,34.54305556
834,,Unknown,Historical,1947,1960,1947,1960,1940,1960,1940,5,0.030936888552751153,-120.425,34.6375
835,,Unknown,Historical,1920,1943,1920,1943,1920,1940,1920,5,0.4085946395271208,-119.683333,34.527778
836,,Unknown,Historical,1918,1919,1918,1919,1910,1910,1910,2,1.395194199118417,-120.4572,34.6426
837,,Unknown,Historical,,,,,,,,3,0.361574011,-120.0566,34.7424
838,,Unknown,Historical,,,,,,,,3,0.1966235277022453,-120.0647,34.7375
839,,Unknown,Historical,,,,,,,,3,0.40733334279912753,-120.0835,34.7467
840,,Unknown,Historical,,,,,,,,5,0.5018069615897165,-120.4283,34.6471
843,,Unknown,Historical,1928,1963,1928,1963,1920,1960,1920,1,0.527262018,-119.995833,34.583333
844,,Unknown,Historical,1906,1959,1906,1959,1900,1950,1900,5,0.15176428591739757,-120.43,34.64416667
845,,Unknown,Historical,1930,1952,1930,1952,1930,1950,1930,3,0.13263605574871645,-119.506944,34.492222
846,,Unknown,Historical,1929,1950,1929,1950,1920,1950,1920,5,0.013505828846076297,-120.0305556,34.5888889
847,,Unknown,Historical,1941,,1941,,1940,,1940,5,0.001247773,-120.491667,34.672222
848,,Unknown,Historical,1954,1971,1954,1971,1950,1970,1950,5,0.034248069114797684,-120.474722,34.668333
849,11123500,Unknown,NWIS USGS,1952,1979,1952,1979,1950,1970,1950,5,0.035304686,-119.864827,34.54359399
850,11132500,Unknown,NWIS USGS,1952,1978,1952,1978,1950,1970,1950,4,0.04172858,-120.4084524,34.58858865
851,11124500,Unknown,NWIS USGS,1954,1978,1954,1978,1950,1970,1950,4,0.04717062,-119.9087519,34.5966563
852,11128500,Unknown,NWIS USGS,1958,1979,1958,1979,1950,1970,1950,5,0.026258577767454144,-120.1445568,34.58497968
853,11133000,Unknown,NWIS USGS,1958,1979,1958,1979,1950,1970,1950,5,0.12094760773955353,-120.4245645,34.6360873
854,11134800,Unknown,NWIS USGS,1971,1978,1971,1978,1970,1970,1970,2,0.030076421,-120.4648857,34.6316501
855,11123000,Unknown,NWIS USGS,1973,1975,1973,1975,1970,1970,1970,5,0.016319573848048496,-119.6873223,34.52442917
