doc_id,page_number,table_index,site_name,json_latitude,json_longitude,year,year_type,peak_date,peak_discharge,peak_gage_height,mean_discharge,total_runoff,discharge_unit,runoff_unit,quality_flag,notes,watersource_name,actual_latitude,actual_longitude,inferred_latitude,inferred_longitude,temporal_resolution,dates_of_recording,units_of_measurement
10428,15,1,"11012500 Campo Creek near Campo, Calif.",32.5911,-116.5247,1937,water_year,,,,,4820,unknown,acre-feet,,,Campo Creek,32.591111,-116.524722,,,Annual,10/01/1936-12/31/1975,acre-feet
10428,15,1,"11012500 Campo Creek near Campo, Calif.",32.5911,-116.5247,1938,water_year,,,,,5080,unknown,acre-feet,,,Campo Creek,32.591111,-116.524722,,,Annual,10/01/1936-12/31/1975,acre-feet
10428,15,1,"11012500 Campo Creek near Campo, Calif.",32.5911,-116.5247,1939,water_year,,,,,3590,unknown,acre-feet,,,Campo Creek,32.591111,-116.524722,,,Annual,10/01/1936-12/31/1975,acre-feet
10428,15,1,"11012500 Campo Creek near Campo, Calif.",32.5911,-116.5247,1940,water_year,,,,,2110,unknown,acre-feet,,,Campo Creek,32.591111,-116.524722,,,Annual,10/01/1936-12/31/1975,acre-feet
10428,15,1,"11012500 Campo Creek near Campo, Calif.",32.5911,-116.5247,1941,water_year,,,,,11140,unknown,acre-feet,,,Campo Creek,32.591111,-116.524722,,,Annual,10/01/1936-12/31/1975,acre-feet
10428,15,1,"11012500 Campo Creek near Campo, Calif.",32.5911,-116.5247,1942,water_year,,,,,3650,unknown,acre-feet,,,Campo Creek,32.591111,-116.524722,,,Annual,10/01/1936-12/31/1975,acre-feet
10428,15,1,"11012500 Campo Creek near Campo, Calif.",32.5911,-116.5247,1943,water_year,,,,,3570,unknown,acre-feet,,,Campo Creek,32.591111,-116.524722,,,Annual,10/01/1936-12/31/1975,acre-feet
10428,15,1,"11012500 Campo Creek near Campo, Calif.",32.5911,-116.5247,1944,water_year,,,,,4610,unknown,acre-feet,,,Campo Creek,32.591111,-116.524722,,,Annual,10/01/1936-12/31/1975,acre-feet
10428,15,1,"11012500 Campo Creek near Campo, Calif.",32.5911,-116.5247,1945,water_year,,,,,3220,unknown,acre-feet,,,Campo Creek,32.591111,-116.524722,,,Annual,10/01/1936-12/31/1975,acre-feet
10428,15,1,"11012500 Campo Creek near Campo, Calif.",32.5911,-116.5247,1946,water_year,,,,,1560,unknown,acre-feet,,,Campo Creek,32.591111,-116.524722,,,Annual,10/01/1936-12/31/1975,acre-feet
10428,15,1,"11012500 Campo Creek near Campo, Calif.",32.5911,-116.5247,1947,water_year,,,,,249,unknown,acre-feet,,,Campo Creek,32.591111,-116.524722,,,Annual,10/01/1936-12/31/1975,acre-feet
10428,15,1,"11012500 Campo Creek near Campo, Calif.",32.5911,-116.5247,1948,water_year,,,,,45,unknown,acre-feet,,,Campo Creek,32.591111,-116.524722,,,Annual,10/01/1936-12/31/1975,acre-feet
10428,15,1,"11012500 Campo Creek near Campo, Calif.",32.5911,-116.5247,1949,water_year,,,,,141,unknown,acre-feet,,,Campo Creek,32.591111,-116.524722,,,Annual,10/01/1936-12/31/1975,acre-feet
10428,15,1,"11012500 Campo Creek near Campo, Calif.",32.5911,-116.5247,1950,water_year,,,,,33,unknown,acre-feet,,,Campo Creek,32.591111,-116.524722,,,Annual,10/01/1936-12/31/1975,acre-feet
10428,15,1,"11012500 Campo Creek near Campo, Calif.",32.5911,-116.5247,1951,water_year,,,,,18,unknown,acre-feet,,,Campo Creek,32.591111,-116.524722,,,Annual,10/01/1936-12/31/1975,acre-feet
10428,15,1,"11012500 Campo Creek near Campo, Calif.",32.5911,-116.5247,1952,water_year,,,,,1210,unknown,acre-feet,,,Campo Creek,32.591111,-116.524722,,,Annual,10/01/1936-12/31/1975,acre-feet
10428,15,1,"11012500 Campo Creek near Campo, Calif.",32.5911,-116.5247,1953,water_year,,,,,106,unknown,acre-feet,,,Campo Creek,32.591111,-116.524722,,,Annual,10/01/1936-12/31/1975,acre-feet
10428,15,1,"11012500 Campo Creek near Campo, Calif.",32.5911,-116.5247,1954,water_year,,,,,107,unknown,acre-feet,,,Campo Creek,32.591111,-116.524722,,,Annual,10/01/1936-12/31/1975,acre-feet
10428,15,1,"11012500 Campo Creek near Campo, Calif.",32.5911,-116.5247,1955,water_year,,,,,65,unknown,acre-feet,,,Campo Creek,32.591111,-116.524722,,,Annual,10/01/1936-12/31/1975,acre-feet
10428,15,1,"11012500 Campo Creek near Campo, Calif.",32.5911,-116.5247,1956,water_year,,,,,22,unknown,acre-feet,,,Campo Creek,32.591111,-116.524722,,,Annual,10/01/1936-12/31/1975,acre-feet
10428,15,1,"11012500 Campo Creek near Campo, Calif.",32.5911,-116.5247,1957,water_year,,,,,0.0,unknown,acre-feet,o,Printed as 0,Campo Creek,32.591111,-116.524722,,,Annual,10/01/1936-12/31/1975,acre-feet
10428,15,1,"11012500 Campo Creek near Campo, Calif.",32.5911,-116.5247,1958,water_year,,,,,64,unknown,acre-feet,,,Campo Creek,32.591111,-116.524722,,,Annual,10/01/1936-12/31/1975,acre-feet
10428,15,1,"11012500 Campo Creek near Campo, Calif.",32.5911,-116.5247,1959,water_year,,,,,13,unknown,acre-feet,,,Campo Creek,32.591111,-116.524722,,,Annual,10/01/1936-12/31/1975,acre-feet
10428,15,1,"11012500 Campo Creek near Campo, Calif.",32.5911,-116.5247,1960,water_year,,,,,2.6,unknown,acre-feet,,,Campo Creek,32.591111,-116.524722,,,Annual,10/01/1936-12/31/1975,acre-feet
10428,15,1,"11012500 Campo Creek near Campo, Calif.",32.5911,-116.5247,1961,water_year,,,,,0.0,unknown,acre-feet,o,Printed as 0,Campo Creek,32.591111,-116.524722,,,Annual,10/01/1936-12/31/1975,acre-feet
10428,15,1,"11012500 Campo Creek near Campo, Calif.",32.5911,-116.5247,1962,water_year,,,,,0.0,unknown,acre-feet,o,Printed as 0,Campo Creek,32.591111,-116.524722,,,Annual,10/01/1936-12/31/1975,acre-feet
10428,15,1,"11012500 Campo Creek near Campo, Calif.",32.5911,-116.5247,1963,water_year,,,,,0.0,unknown,acre-feet,o,Printed as 0,Campo Creek,32.591111,-116.524722,,,Annual,10/01/1936-12/31/1975,acre-feet
10428,15,1,"11012500 Campo Creek near Campo, Calif.",32.5911,-116.5247,1964,water_year,,,,,0.2,unknown,acre-feet,,Printed as .2,Campo Creek,32.591111,-116.524722,,,Annual,10/01/1936-12/31/1975,acre-feet
10428,15,1,"11012500 Campo Creek near Campo, Calif.",32.5911,-116.5247,1965,water_year,,,,,2.2,unknown,acre-feet,,,Campo Creek,32.591111,-116.524722,,,Annual,10/01/1936-12/31/1975,acre-feet
10428,15,1,"11012500 Campo Creek near Campo, Calif.",32.5911,-116.5247,1966,water_year,,,,,0.4,unknown,acre-feet,,Printed as .4,Campo Creek,32.591111,-116.524722,,,Annual,10/01/1936-12/31/1975,acre-feet
10428,15,1,"11012500 Campo Creek near Campo, Calif.",32.5911,-116.5247,1967,water_year,,,,,14,unknown,acre-feet,,,Campo Creek,32.591111,-116.524722,,,Annual,10/01/1936-12/31/1975,acre-feet
10428,15,1,"11012500 Campo Creek near Campo, Calif.",32.5911,-116.5247,1968,water_year,,,,,0.0,unknown,acre-feet,o,Printed as 0,Campo Creek,32.591111,-116.524722,,,Annual,10/01/1936-12/31/1975,acre-feet
10428,15,1,"11012500 Campo Creek near Campo, Calif.",32.5911,-116.5247,1969,water_year,,,,,249,unknown,acre-feet,,,Campo Creek,32.591111,-116.524722,,,Annual,10/01/1936-12/31/1975,acre-feet
10428,15,1,"11012500 Campo Creek near Campo, Calif.",32.5911,-116.5247,1970,water_year,,,,,71,unknown,acre-feet,,,Campo Creek,32.591111,-116.524722,,,Annual,10/01/1936-12/31/1975,acre-feet
10428,15,1,"11012500 Campo Creek near Campo, Calif.",32.5911,-116.5247,1971,water_year,,,,,41,unknown,acre-feet,,,Campo Creek,32.591111,-116.524722,,,Annual,10/01/1936-12/31/1975,acre-feet
10428,15,1,"11012500 Campo Creek near Campo, Calif.",32.5911,-116.5247,1972,water_year,,,,,13,unknown,acre-feet,,,Campo Creek,32.591111,-116.524722,,,Annual,10/01/1936-12/31/1975,acre-feet
10428,15,1,"11012500 Campo Creek near Campo, Calif.",32.5911,-116.5247,1973,water_year,,,,,36,unknown,acre-feet,,,Campo Creek,32.591111,-116.524722,,,Annual,10/01/1936-12/31/1975,acre-feet
10428,15,1,"11012500 Campo Creek near Campo, Calif.",32.5911,-116.5247,1974,water_year,,,,,27,unknown,acre-feet,,,Campo Creek,32.591111,-116.524722,,,Annual,10/01/1936-12/31/1975,acre-feet
10428,15,1,"11012500 Campo Creek near Campo, Calif.",32.5911,-116.5247,1975,water_year,,,,,18,unknown,acre-feet,,,Campo Creek,32.591111,-116.524722,,,Annual,10/01/1936-12/31/1975,acre-feet
1136,190,2,"Cache Creek near Yolo, Cal.",,,1907,,,19200,,1350,963000,second-feet,acre-feet,,"Annual summary row 'The year' for 1907. Min discharge 10, max 19,200, mean 1,350.",Cache Creek near Yolo,,,38.7094,-121.7533,Monthly from January to December for the years 1907 and 1908,01/01/1907-12/31/1908,"{'Gage_Height': 'Feet', 'Discharge': 'Sec.-ft (Second-feet)', 'Runoff_Per_Square_Mile': 'Per square mile', 'Depth_In_Inches_On_Drainage_Area': 'Inches on drainage area', 'Total_In_Acre_Feet': 'Acre-feet'}"
1136,190,2,"Cache Creek near Yolo, Cal.",,,1908,,,6080,,421,302000,second-feet,acre-feet,,"Annual summary row 'The year' for 1908. Min discharge 0, max 6,080, mean 421.",Cache Creek near Yolo,,,38.7094,-121.7533,Monthly from January to December for the years 1907 and 1908,01/01/1907-12/31/1908,"{'Gage_Height': 'Feet', 'Discharge': 'Sec.-ft (Second-feet)', 'Runoff_Per_Square_Mile': 'Per square mile', 'Depth_In_Inches_On_Drainage_Area': 'Inches on drainage area', 'Total_In_Acre_Feet': 'Acre-feet'}"
1084,90,1,Stony Creek near Fruto,,,1901,water_year,,,,,226000,second-feet,acre-feet,,Feb.-Sept. only; no max/min/mean discharge recorded,Stony Creek near Fruto,,,38.65,-121.15,Yearly (Oct. 1 to Sept. 30),1901-09-30 to 1911-12-31,"{'Discharge': 'second-feet', 'Run-off Per Square Mile': 'inches', 'Total Run-off': 'acre-feet'}"
1084,90,1,Stony Creek near Fruto,,,1902,water_year,,,,930,654000,second-feet,acre-feet,,Year 1901-2,Stony Creek near Fruto,,,38.65,-121.15,Yearly (Oct. 1 to Sept. 30),1901-09-30 to 1911-12-31,"{'Discharge': 'second-feet', 'Run-off Per Square Mile': 'inches', 'Total Run-off': 'acre-feet'}"
1084,90,1,Stony Creek near Fruto,,,1903,water_year,,,,798,576000,second-feet,acre-feet,,Year 1902-3,Stony Creek near Fruto,,,38.65,-121.15,Yearly (Oct. 1 to Sept. 30),1901-09-30 to 1911-12-31,"{'Discharge': 'second-feet', 'Run-off Per Square Mile': 'inches', 'Total Run-off': 'acre-feet'}"
1084,90,1,Stony Creek near Fruto,,,1904,water_year,,,,1050,753000,second-feet,acre-feet,,Year 1903-4,Stony Creek near Fruto,,,38.65,-121.15,Yearly (Oct. 1 to Sept. 30),1901-09-30 to 1911-12-31,"{'Discharge': 'second-feet', 'Run-off Per Square Mile': 'inches', 'Total Run-off': 'acre-feet'}"
1084,90,1,Stony Creek near Fruto,,,1905,water_year,,,,704,508000,second-feet,acre-feet,,Year 1904-5,Stony Creek near Fruto,,,38.65,-121.15,Yearly (Oct. 1 to Sept. 30),1901-09-30 to 1911-12-31,"{'Discharge': 'second-feet', 'Run-off Per Square Mile': 'inches', 'Total Run-off': 'acre-feet'}"
1084,90,1,Stony Creek near Fruto,,,1906,water_year,,,,743,535000,second-feet,acre-feet,,Year 1905-6,Stony Creek near Fruto,,,38.65,-121.15,Yearly (Oct. 1 to Sept. 30),1901-09-30 to 1911-12-31,"{'Discharge': 'second-feet', 'Run-off Per Square Mile': 'inches', 'Total Run-off': 'acre-feet'}"
1084,90,1,Stony Creek near Fruto,,,1907,water_year,,,,1070,765000,second-feet,acre-feet,,Year 1906-7,Stony Creek near Fruto,,,38.65,-121.15,Yearly (Oct. 1 to Sept. 30),1901-09-30 to 1911-12-31,"{'Discharge': 'second-feet', 'Run-off Per Square Mile': 'inches', 'Total Run-off': 'acre-feet'}"
1084,90,1,Stony Creek near Fruto,,,1908,water_year,,,,469,338000,second-feet,acre-feet,,Year 1907-8,Stony Creek near Fruto,,,38.65,-121.15,Yearly (Oct. 1 to Sept. 30),1901-09-30 to 1911-12-31,"{'Discharge': 'second-feet', 'Run-off Per Square Mile': 'inches', 'Total Run-off': 'acre-feet'}"
1084,90,1,Stony Creek near Fruto,,,1909,water_year,,,,1260,894000,second-feet,acre-feet,,"Year 1908-9; mean printed as ',260' interpreted as 1,260",Stony Creek near Fruto,,,38.65,-121.15,Yearly (Oct. 1 to Sept. 30),1901-09-30 to 1911-12-31,"{'Discharge': 'second-feet', 'Run-off Per Square Mile': 'inches', 'Total Run-off': 'acre-feet'}"
1084,90,1,Stony Creek near Fruto,,,1910,water_year,,,,487,351000,second-feet,acre-feet,,Year 1909-10; minimum printed as '.5',Stony Creek near Fruto,,,38.65,-121.15,Yearly (Oct. 1 to Sept. 30),1901-09-30 to 1911-12-31,"{'Discharge': 'second-feet', 'Run-off Per Square Mile': 'inches', 'Total Run-off': 'acre-feet'}"
1084,90,1,Stony Creek near Fruto,,,1911,water_year,,,,736,535000,second-feet,acre-feet,,Year 1910-11,Stony Creek near Fruto,,,38.65,-121.15,Yearly (Oct. 1 to Sept. 30),1901-09-30 to 1911-12-31,"{'Discharge': 'second-feet', 'Run-off Per Square Mile': 'inches', 'Total Run-off': 'acre-feet'}"
1084,90,1,Stony Creek near Fruto,,,1912,water_year,,,,175,127000,second-feet,acre-feet,,Year 1911-12; no per-square-mile or depth columns recorded,Stony Creek near Fruto,,,38.65,-121.15,Yearly (Oct. 1 to Sept. 30),1901-09-30 to 1911-12-31,"{'Discharge': 'second-feet', 'Run-off Per Square Mile': 'inches', 'Total Run-off': 'acre-feet'}"
1084,90,2,Feather River at Oroville,,,1902,water_year,,,,,3930000,second-feet,acre-feet,,Jan.-Sept. only; no max/min/mean discharge recorded,Feather River at Oroville,,,39.5,-121.6,Yearly (Jan. to Sept.),1902-01-01 to 1920-09-30,"{'Discharge': 'second-feet', 'Run-off Per Square Mile': 'inches', 'Total Run-off': 'acre-feet'}"
1084,90,2,Feather River at Oroville,,,1903,water_year,,,,9140,4440000,second-feet,acre-feet,,"Year 1902-3; mean printed as ',140' interpreted as 9,140",Feather River at Oroville,,,39.5,-121.6,Yearly (Jan. to Sept.),1902-01-01 to 1920-09-30,"{'Discharge': 'second-feet', 'Run-off Per Square Mile': 'inches', 'Total Run-off': 'acre-feet'}"
1084,90,2,Feather River at Oroville,,,1904,water_year,,,,12900,9330000,second-feet,acre-feet,,Year 1903-4,Feather River at Oroville,,,39.5,-121.6,Yearly (Jan. to Sept.),1902-01-01 to 1920-09-30,"{'Discharge': 'second-feet', 'Run-off Per Square Mile': 'inches', 'Total Run-off': 'acre-feet'}"
1084,90,2,Feather River at Oroville,,,1905,water_year,,,,6210,4490000,second-feet,acre-feet,,Year 1904-5,Feather River at Oroville,,,39.5,-121.6,Yearly (Jan. to Sept.),1902-01-01 to 1920-09-30,"{'Discharge': 'second-feet', 'Run-off Per Square Mile': 'inches', 'Total Run-off': 'acre-feet'}"
1084,90,2,Feather River at Oroville,,,1906,water_year,,,,9280,6710000,second-feet,acre-feet,,Year 1905-6; no max/min discharge recorded,Feather River at Oroville,,,39.5,-121.6,Yearly (Jan. to Sept.),1902-01-01 to 1920-09-30,"{'Discharge': 'second-feet', 'Run-off Per Square Mile': 'inches', 'Total Run-off': 'acre-feet'}"
1084,90,2,Feather River at Oroville,,,1907,water_year,,,,13000,9340000,second-feet,acre-feet,,Year 1906-7,Feather River at Oroville,,,39.5,-121.6,Yearly (Jan. to Sept.),1902-01-01 to 1920-09-30,"{'Discharge': 'second-feet', 'Run-off Per Square Mile': 'inches', 'Total Run-off': 'acre-feet'}"
1084,90,2,Feather River at Oroville,,,1908,water_year,,,,4810,3490000,second-feet,acre-feet,,Year 1907-8,Feather River at Oroville,,,39.5,-121.6,Yearly (Jan. to Sept.),1902-01-01 to 1920-09-30,"{'Discharge': 'second-feet', 'Run-off Per Square Mile': 'inches', 'Total Run-off': 'acre-feet'}"
1084,90,2,Feather River at Oroville,,,1909,water_year,,,,10200,7380000,second-feet,acre-feet,,Year 1908-9,Feather River at Oroville,,,39.5,-121.6,Yearly (Jan. to Sept.),1902-01-01 to 1920-09-30,"{'Discharge': 'second-feet', 'Run-off Per Square Mile': 'inches', 'Total Run-off': 'acre-feet'}"
1084,90,2,Feather River at Oroville,,,1910,water_year,,,,6220,4500000,second-feet,acre-feet,,"Year 1909-10; minimum printed as '010' likely 1,010",Feather River at Oroville,,,39.5,-121.6,Yearly (Jan. to Sept.),1902-01-01 to 1920-09-30,"{'Discharge': 'second-feet', 'Run-off Per Square Mile': 'inches', 'Total Run-off': 'acre-feet'}"
1084,90,2,Feather River at Oroville,,,1911,water_year,,,,9670,6980000,second-feet,acre-feet,,Year 1910-11,Feather River at Oroville,,,39.5,-121.6,Yearly (Jan. to Sept.),1902-01-01 to 1920-09-30,"{'Discharge': 'second-feet', 'Run-off Per Square Mile': 'inches', 'Total Run-off': 'acre-feet'}"
1084,90,2,Feather River at Oroville,,,1912,water_year,,,,2880,2090000,second-feet,acre-feet,,Year 1911-12; no per-sq-mile or depth columns,Feather River at Oroville,,,39.5,-121.6,Yearly (Jan. to Sept.),1902-01-01 to 1920-09-30,"{'Discharge': 'second-feet', 'Run-off Per Square Mile': 'inches', 'Total Run-off': 'acre-feet'}"
1084,90,2,Feather River at Oroville,,,1913,water_year,,,,3690,2670000,second-feet,acre-feet,,Year 1912-13,Feather River at Oroville,,,39.5,-121.6,Yearly (Jan. to Sept.),1902-01-01 to 1920-09-30,"{'Discharge': 'second-feet', 'Run-off Per Square Mile': 'inches', 'Total Run-off': 'acre-feet'}"
1084,90,2,Feather River at Oroville,,,1914,water_year,,,,10700,7740000,second-feet,acre-feet,,"Year 1913-14; mean printed as '10,70' interpreted as 10,700; no per-sq-mile or depth columns",Feather River at Oroville,,,39.5,-121.6,Yearly (Jan. to Sept.),1902-01-01 to 1920-09-30,"{'Discharge': 'second-feet', 'Run-off Per Square Mile': 'inches', 'Total Run-off': 'acre-feet'}"
1084,90,2,Feather River at Oroville,,,1915,water_year,,,,8130,5880000,second-feet,acre-feet,,Year 1914-15,Feather River at Oroville,,,39.5,-121.6,Yearly (Jan. to Sept.),1902-01-01 to 1920-09-30,"{'Discharge': 'second-feet', 'Run-off Per Square Mile': 'inches', 'Total Run-off': 'acre-feet'}"
1084,90,2,Feather River at Oroville,,,1916,water_year,,,,9360,6790000,second-feet,acre-feet,,Year 1915-16,Feather River at Oroville,,,39.5,-121.6,Yearly (Jan. to Sept.),1902-01-01 to 1920-09-30,"{'Discharge': 'second-feet', 'Run-off Per Square Mile': 'inches', 'Total Run-off': 'acre-feet'}"
1084,90,2,Feather River at Oroville,,,1917,water_year,,,,6700,4860000,second-feet,acre-feet,,Year 1916-17,Feather River at Oroville,,,39.5,-121.6,Yearly (Jan. to Sept.),1902-01-01 to 1920-09-30,"{'Discharge': 'second-feet', 'Run-off Per Square Mile': 'inches', 'Total Run-off': 'acre-feet'}"
1084,90,2,Feather River at Oroville,,,1918,water_year,,,,3520,2550000,second-feet,acre-feet,,Year 1917-18,Feather River at Oroville,,,39.5,-121.6,Yearly (Jan. to Sept.),1902-01-01 to 1920-09-30,"{'Discharge': 'second-feet', 'Run-off Per Square Mile': 'inches', 'Total Run-off': 'acre-feet'}"
1084,90,2,Feather River at Oroville,,,1919,water_year,,,,4750,3440000,second-feet,acre-feet,,Year 1918-19,Feather River at Oroville,,,39.5,-121.6,Yearly (Jan. to Sept.),1902-01-01 to 1920-09-30,"{'Discharge': 'second-feet', 'Run-off Per Square Mile': 'inches', 'Total Run-off': 'acre-feet'}"
1084,90,2,Feather River at Oroville,,,1920,water_year,,,,2830,2050000,second-feet,acre-feet,,Year 1919-20,Feather River at Oroville,,,39.5,-121.6,Yearly (Jan. to Sept.),1902-01-01 to 1920-09-30,"{'Discharge': 'second-feet', 'Run-off Per Square Mile': 'inches', 'Total Run-off': 'acre-feet'}"
1084,90,2,Feather River at Oroville,,,1921,water_year,,,,7900,5730000,second-feet,acre-feet,,Year 1920-21,Feather River at Oroville,,,39.5,-121.6,Yearly (Jan. to Sept.),1902-01-01 to 1920-09-30,"{'Discharge': 'second-feet', 'Run-off Per Square Mile': 'inches', 'Total Run-off': 'acre-feet'}"
1084,90,3,Yuba River at Smartsville,,,1904,water_year,,,,5690,4100000,second-feet,acre-feet,,Year 1903-4,Yuba River at Smartsville,,,39.2,-121.4,Yearly (no specific date range),1903-04 to 1920-21,"{'Discharge': 'second-feet', 'Run-off Per Square Mile': 'inches', 'Total Run-off': 'acre-feet'}"
1084,90,3,Yuba River at Smartsville,,,1905,water_year,,,,3330,2400000,second-feet,acre-feet,,Year 1904-5,Yuba River at Smartsville,,,39.2,-121.4,Yearly (no specific date range),1903-04 to 1920-21,"{'Discharge': 'second-feet', 'Run-off Per Square Mile': 'inches', 'Total Run-off': 'acre-feet'}"
1084,90,3,Yuba River at Smartsville,,,1906,water_year,,,,5020,3630000,second-feet,acre-feet,,Year 1905-6,Yuba River at Smartsville,,,39.2,-121.4,Yearly (no specific date range),1903-04 to 1920-21,"{'Discharge': 'second-feet', 'Run-off Per Square Mile': 'inches', 'Total Run-off': 'acre-feet'}"
1084,90,3,Yuba River at Smartsville,,,1907,water_year,,,,6220,4560000,second-feet,acre-feet,,"Year 1906-7; max printed as '100,00' interpreted as 100,000",Yuba River at Smartsville,,,39.2,-121.4,Yearly (no specific date range),1903-04 to 1920-21,"{'Discharge': 'second-feet', 'Run-off Per Square Mile': 'inches', 'Total Run-off': 'acre-feet'}"
1084,90,3,Yuba River at Smartsville,,,1908,water_year,,,,2200,1590000,second-feet,acre-feet,,Year 1907-8,Yuba River at Smartsville,,,39.2,-121.4,Yearly (no specific date range),1903-04 to 1920-21,"{'Discharge': 'second-feet', 'Run-off Per Square Mile': 'inches', 'Total Run-off': 'acre-feet'}"
1084,90,3,Yuba River at Smartsville,,,1909,water_year,,,,5380,3880000,second-feet,acre-feet,,"Year 1908-9; max printed as '111,0' interpreted as 111,000",Yuba River at Smartsville,,,39.2,-121.4,Yearly (no specific date range),1903-04 to 1920-21,"{'Discharge': 'second-feet', 'Run-off Per Square Mile': 'inches', 'Total Run-off': 'acre-feet'}"
1084,90,3,Yuba River at Smartsville,,,1910,water_year,,,,3690,2670000,second-feet,acre-feet,,Year 1909-10,Yuba River at Smartsville,,,39.2,-121.4,Yearly (no specific date range),1903-04 to 1920-21,"{'Discharge': 'second-feet', 'Run-off Per Square Mile': 'inches', 'Total Run-off': 'acre-feet'}"
1084,90,3,Yuba River at Smartsville,,,1911,water_year,,,,4870,3510000,second-feet,acre-feet,,Year 1910-11,Yuba River at Smartsville,,,39.2,-121.4,Yearly (no specific date range),1903-04 to 1920-21,"{'Discharge': 'second-feet', 'Run-off Per Square Mile': 'inches', 'Total Run-off': 'acre-feet'}"
1084,90,3,Yuba River at Smartsville,,,1912,water_year,,,,1560,1130000,second-feet,acre-feet,,Year 1911-12; no per-sq-mile or depth columns,Yuba River at Smartsville,,,39.2,-121.4,Yearly (no specific date range),1903-04 to 1920-21,"{'Discharge': 'second-feet', 'Run-off Per Square Mile': 'inches', 'Total Run-off': 'acre-feet'}"
1084,90,3,Yuba River at Smartsville,,,1913,water_year,,,,1930,1400000,second-feet,acre-feet,,Year 1912-13; no per-sq-mile or depth columns,Yuba River at Smartsville,,,39.2,-121.4,Yearly (no specific date range),1903-04 to 1920-21,"{'Discharge': 'second-feet', 'Run-off Per Square Mile': 'inches', 'Total Run-off': 'acre-feet'}"
1084,90,3,Yuba River at Smartsville,,,1914,water_year,,,,3960,2870000,second-feet,acre-feet,,"Year 1913-14; mean printed as ',960' interpreted as 3,960; no per-sq-mile or depth columns",Yuba River at Smartsville,,,39.2,-121.4,Yearly (no specific date range),1903-04 to 1920-21,"{'Discharge': 'second-feet', 'Run-off Per Square Mile': 'inches', 'Total Run-off': 'acre-feet'}"
1084,90,3,Yuba River at Smartsville,,,1915,water_year,,,,3450,2500000,second-feet,acre-feet,,Year 1914-15,Yuba River at Smartsville,,,39.2,-121.4,Yearly (no specific date range),1903-04 to 1920-21,"{'Discharge': 'second-feet', 'Run-off Per Square Mile': 'inches', 'Total Run-off': 'acre-feet'}"
1084,90,3,Yuba River at Smartsville,,,1916,water_year,,,,4260,3090000,second-feet,acre-feet,,Year 1915-16; no per-sq-mile or depth columns,Yuba River at Smartsville,,,39.2,-121.4,Yearly (no specific date range),1903-04 to 1920-21,"{'Discharge': 'second-feet', 'Run-off Per Square Mile': 'inches', 'Total Run-off': 'acre-feet'}"
1084,90,3,Yuba River at Smartsville,,,1917,water_year,,,,3190,2310000,second-feet,acre-feet,,Year 1916-17; no per-sq-mile or depth columns,Yuba River at Smartsville,,,39.2,-121.4,Yearly (no specific date range),1903-04 to 1920-21,"{'Discharge': 'second-feet', 'Run-off Per Square Mile': 'inches', 'Total Run-off': 'acre-feet'}"
1084,90,3,Yuba River at Smartsville,,,1918,water_year,,,,1580,1140000,second-feet,acre-feet,,Year 1917-18; no per-sq-mile or depth columns,Yuba River at Smartsville,,,39.2,-121.4,Yearly (no specific date range),1903-04 to 1920-21,"{'Discharge': 'second-feet', 'Run-off Per Square Mile': 'inches', 'Total Run-off': 'acre-feet'}"
1084,90,3,Yuba River at Smartsville,,,1919,water_year,,,,2410,1740000,second-feet,acre-feet,,Year 1918-19; no per-sq-mile or depth columns,Yuba River at Smartsville,,,39.2,-121.4,Yearly (no specific date range),1903-04 to 1920-21,"{'Discharge': 'second-feet', 'Run-off Per Square Mile': 'inches', 'Total Run-off': 'acre-feet'}"
1084,90,3,Yuba River at Smartsville,,,1920,water_year,,,,1490,1080000,second-feet,acre-feet,,Year 1919-20; no per-sq-mile or depth columns,Yuba River at Smartsville,,,39.2,-121.4,Yearly (no specific date range),1903-04 to 1920-21,"{'Discharge': 'second-feet', 'Run-off Per Square Mile': 'inches', 'Total Run-off': 'acre-feet'}"
1084,90,3,Yuba River at Smartsville,,,1921,water_year,,,,3970,2870000,second-feet,acre-feet,,Year 1920-21; no per-sq-mile or depth columns,Yuba River at Smartsville,,,39.2,-121.4,Yearly (no specific date range),1903-04 to 1920-21,"{'Discharge': 'second-feet', 'Run-off Per Square Mile': 'inches', 'Total Run-off': 'acre-feet'}"
10430,35,1,Sweetwater River,,,1914,water_year,,,,,4740,unknown,acre-feet,,,Sweetwater River,32.772222,-116.801389,,,Annual,1914-09/30-1915-09/30,acre-feet
10430,35,1,Sweetwater River,,,1915,water_year,,,,,34300,unknown,acre-feet,,,Sweetwater River,32.772222,-116.801389,,,Annual,1914-09/30-1915-09/30,acre-feet
1084,89,1,Sacramento River near Red Bluff,,,1902,water_year,,,,,290000,second-feet,acre-feet,,"Partial year Feb-Sept 1902 only. Maximum, minimum, mean, and per-square-mile columns blank. Total runoff printed as '290,00' — likely OCR truncation of '2,900,000' or similar; recorded as 290000 per best reading.",Sacramento River near Red Bluff,39.4419,-122.3653,39.4419,-122.3653,Annual (Oct. 1 to Sept. 30),1902-09/1920-21,"{'Discharge': 'second-feet', 'Run-off': {'Per_square_mile': None, 'Depth_in_inches': None, 'Total_in_acre-feet': 'acre-feet'}}"
1084,89,1,Sacramento River near Red Bluff,,,1903,water_year,,131000,,13500,1760000,second-feet,acre-feet,,"Water year 1902-3 (Oct 1902 - Sept 1903). Minimum printed as 3,980.",Sacramento River near Red Bluff,39.4419,-122.3653,39.4419,-122.3653,Annual (Oct. 1 to Sept. 30),1902-09/1920-21,"{'Discharge': 'second-feet', 'Run-off': {'Per_square_mile': None, 'Depth_in_inches': None, 'Total_in_acre-feet': 'acre-feet'}}"
1084,89,1,Sacramento River near Red Bluff,,,1904,water_year,,188000,,22000,15900000,second-feet,acre-feet,,"Water year 1903-4. Minimum printed as ',420' — leading comma likely OCR artifact; interpreted as some value ending in 420 (possibly 1,420 or 4,420); recorded as printed ambiguity, value left as 420 pending review.",Sacramento River near Red Bluff,39.4419,-122.3653,39.4419,-122.3653,Annual (Oct. 1 to Sept. 30),1902-09/1920-21,"{'Discharge': 'second-feet', 'Run-off': {'Per_square_mile': None, 'Depth_in_inches': None, 'Total_in_acre-feet': 'acre-feet'}}"
1084,89,1,Sacramento River near Red Bluff,,,1905,water_year,,108000,,14700,10600000,second-feet,acre-feet,,Water year 1904-5.,Sacramento River near Red Bluff,39.4419,-122.3653,39.4419,-122.3653,Annual (Oct. 1 to Sept. 30),1902-09/1920-21,"{'Discharge': 'second-feet', 'Run-off': {'Per_square_mile': None, 'Depth_in_inches': None, 'Total_in_acre-feet': 'acre-feet'}}"
1084,89,1,Sacramento River near Red Bluff,,,1906,water_year,,137000,,15400,11100000,second-feet,acre-feet,,Water year 1905-6.,Sacramento River near Red Bluff,39.4419,-122.3653,39.4419,-122.3653,Annual (Oct. 1 to Sept. 30),1902-09/1920-21,"{'Discharge': 'second-feet', 'Run-off': {'Per_square_mile': None, 'Depth_in_inches': None, 'Total_in_acre-feet': 'acre-feet'}}"
1084,89,1,Sacramento River near Red Bluff,,,1907,water_year,,196000,,19100,13700000,second-feet,acre-feet,,Water year 1906-7.,Sacramento River near Red Bluff,39.4419,-122.3653,39.4419,-122.3653,Annual (Oct. 1 to Sept. 30),1902-09/1920-21,"{'Discharge': 'second-feet', 'Run-off': {'Per_square_mile': None, 'Depth_in_inches': None, 'Total_in_acre-feet': 'acre-feet'}}"
1084,89,1,Sacramento River near Red Bluff,,,1908,water_year,,83300,,10700,7720000,second-feet,acre-feet,,"Water year 1907-8. Total runoff printed as '7,720,00' — likely OCR truncation of '7,720,000'; recorded as 7720000.",Sacramento River near Red Bluff,39.4419,-122.3653,39.4419,-122.3653,Annual (Oct. 1 to Sept. 30),1902-09/1920-21,"{'Discharge': 'second-feet', 'Run-off': {'Per_square_mile': None, 'Depth_in_inches': None, 'Total_in_acre-feet': 'acre-feet'}}"
1084,89,1,Sacramento River near Red Bluff,,,1909,water_year,,254000,,20100,13400000,second-feet,acre-feet,,Water year 1908-9.,Sacramento River near Red Bluff,39.4419,-122.3653,39.4419,-122.3653,Annual (Oct. 1 to Sept. 30),1902-09/1920-21,"{'Discharge': 'second-feet', 'Run-off': {'Per_square_mile': None, 'Depth_in_inches': None, 'Total_in_acre-feet': 'acre-feet'}}"
1084,89,1,Sacramento River near Red Bluff,,,1910,water_year,,90800,,12400,8910000,second-feet,acre-feet,,Water year 1909-10. Minimum printed as '760' — possibly OCR drop of leading digit(s).,Sacramento River near Red Bluff,39.4419,-122.3653,39.4419,-122.3653,Annual (Oct. 1 to Sept. 30),1902-09/1920-21,"{'Discharge': 'second-feet', 'Run-off': {'Per_square_mile': None, 'Depth_in_inches': None, 'Total_in_acre-feet': 'acre-feet'}}"
1084,89,1,Sacramento River near Red Bluff,,,1911,water_year,,130000,,13700,9910000,second-feet,acre-feet,,Water year 1910-11.,Sacramento River near Red Bluff,39.4419,-122.3653,39.4419,-122.3653,Annual (Oct. 1 to Sept. 30),1902-09/1920-21,"{'Discharge': 'second-feet', 'Run-off': {'Per_square_mile': None, 'Depth_in_inches': None, 'Total_in_acre-feet': 'acre-feet'}}"
1084,89,1,Sacramento River near Red Bluff,,,1912,water_year,,55000,,8770,6370000,second-feet,acre-feet,,"Water year 1911-12. Minimum printed as '420'. Total runoff printed as '6,370,00' — likely OCR truncation of '6,370,000'; recorded as 6370000.",Sacramento River near Red Bluff,39.4419,-122.3653,39.4419,-122.3653,Annual (Oct. 1 to Sept. 30),1902-09/1920-21,"{'Discharge': 'second-feet', 'Run-off': {'Per_square_mile': None, 'Depth_in_inches': None, 'Total_in_acre-feet': 'acre-feet'}}"
1084,89,1,Sacramento River near Red Bluff,,,1913,water_year,,58000,,9440,6844000,second-feet,acre-feet,,"Water year 1912-13. Minimum printed as ',390' — leading comma OCR artifact; value uncertain. Total runoff printed as '6,8,44,000' — OCR garble, likely '6,844,000'; recorded as 6844000.",Sacramento River near Red Bluff,39.4419,-122.3653,39.4419,-122.3653,Annual (Oct. 1 to Sept. 30),1902-09/1920-21,"{'Discharge': 'second-feet', 'Run-off': {'Per_square_mile': None, 'Depth_in_inches': None, 'Total_in_acre-feet': 'acre-feet'}}"
1084,89,1,Sacramento River near Red Bluff,,,1914,water_year,,160000,,18700,13500000,second-feet,acre-feet,,Water year 1913-14. Per-square-mile and depth-in-inches columns blank.,Sacramento River near Red Bluff,39.4419,-122.3653,39.4419,-122.3653,Annual (Oct. 1 to Sept. 30),1902-09/1920-21,"{'Discharge': 'second-feet', 'Run-off': {'Per_square_mile': None, 'Depth_in_inches': None, 'Total_in_acre-feet': 'acre-feet'}}"
1084,89,1,Sacramento River near Red Bluff,,,1915,water_year,,249000,,17100,12400000,second-feet,acre-feet,,"Water year 1914-15. Minimum printed as ',880' — leading comma OCR artifact; value uncertain.",Sacramento River near Red Bluff,39.4419,-122.3653,39.4419,-122.3653,Annual (Oct. 1 to Sept. 30),1902-09/1920-21,"{'Discharge': 'second-feet', 'Run-off': {'Per_square_mile': None, 'Depth_in_inches': None, 'Total_in_acre-feet': 'acre-feet'}}"
1084,89,1,Sacramento River near Red Bluff,,,1916,water_year,,91300,,14400,10500000,second-feet,acre-feet,,Water year 1915-16.,Sacramento River near Red Bluff,39.4419,-122.3653,39.4419,-122.3653,Annual (Oct. 1 to Sept. 30),1902-09/1920-21,"{'Discharge': 'second-feet', 'Run-off': {'Per_square_mile': None, 'Depth_in_inches': None, 'Total_in_acre-feet': 'acre-feet'}}"
1084,89,1,Sacramento River near Red Bluff,,,1917,water_year,,176000,,9550,6910000,second-feet,acre-feet,,Water year 1916-17.,Sacramento River near Red Bluff,39.4419,-122.3653,39.4419,-122.3653,Annual (Oct. 1 to Sept. 30),1902-09/1920-21,"{'Discharge': 'second-feet', 'Run-off': {'Per_square_mile': None, 'Depth_in_inches': None, 'Total_in_acre-feet': 'acre-feet'}}"
1084,89,1,Sacramento River near Red Bluff,,,1918,water_year,,52100,,7080,5130000,second-feet,acre-feet,,Water year 1917-18. Per-square-mile and depth-in-inches columns blank.,Sacramento River near Red Bluff,39.4419,-122.3653,39.4419,-122.3653,Annual (Oct. 1 to Sept. 30),1902-09/1920-21,"{'Discharge': 'second-feet', 'Run-off': {'Per_square_mile': None, 'Depth_in_inches': None, 'Total_in_acre-feet': 'acre-feet'}}"
1084,89,1,Sacramento River near Red Bluff,,,1919,water_year,,118000,,10400,7500000,second-feet,acre-feet,,"Water year 1918-19. Per-square-mile and depth-in-inches columns blank. Total runoff printed as '500,00' — likely OCR truncation; possibly '7,500,000'; value highly uncertain, recorded as 7500000 with caution.",Sacramento River near Red Bluff,39.4419,-122.3653,39.4419,-122.3653,Annual (Oct. 1 to Sept. 30),1902-09/1920-21,"{'Discharge': 'second-feet', 'Run-off': {'Per_square_mile': None, 'Depth_in_inches': None, 'Total_in_acre-feet': 'acre-feet'}}"
1084,89,1,Sacramento River near Red Bluff,,,1920,water_year,,28500,,5380,3890000,second-feet,acre-feet,,"Water year 1919-20. Per-square-mile and depth-in-inches columns blank. Total runoff printed as '890,00' — likely OCR truncation; possibly '3,890,000'; value uncertain, recorded as 3890000 with caution.",Sacramento River near Red Bluff,39.4419,-122.3653,39.4419,-122.3653,Annual (Oct. 1 to Sept. 30),1902-09/1920-21,"{'Discharge': 'second-feet', 'Run-off': {'Per_square_mile': None, 'Depth_in_inches': None, 'Total_in_acre-feet': 'acre-feet'}}"
1084,89,1,Sacramento River near Red Bluff,,,1921,water_year,,104000,,15400,11100000,second-feet,acre-feet,,"Water year 1920-21. Per-square-mile and depth-in-inches columns blank. Mean discharge printed as '15,40' — likely OCR truncation of '15,400'.",Sacramento River near Red Bluff,39.4419,-122.3653,39.4419,-122.3653,Annual (Oct. 1 to Sept. 30),1902-09/1920-21,"{'Discharge': 'second-feet', 'Run-off': {'Per_square_mile': None, 'Depth_in_inches': None, 'Total_in_acre-feet': 'acre-feet'}}"
1084,92,1,Putah Creek at Winters,,,1906,water_year,,25400,,804,583000,second-feet,acre-feet,,Water year 1905-6,Putah Creek at Winters,,,38.7014,-122.2236,Annual (October 1 to September 30),1905-06 to 1920-21,"{'Discharge': 'second-feet', 'Run-off per square mile': None, 'Depth in inches on drainage area': None, 'Total in acre-feet': 'acre-feet'}"
1084,92,1,Putah Creek at Winters,,,1907,water_year,,30000,,954,691000,second-feet,acre-feet,,"Water year 1906-7; total_runoff printed as '091,000', likely OCR error for 691,000",Putah Creek at Winters,,,38.7014,-122.2236,Annual (October 1 to September 30),1905-06 to 1920-21,"{'Discharge': 'second-feet', 'Run-off per square mile': None, 'Depth in inches on drainage area': None, 'Total in acre-feet': 'acre-feet'}"
1084,92,1,Putah Creek at Winters,,,1908,water_year,,8600,,278,199000,second-feet,acre-feet,,Water year 1907-8,Putah Creek at Winters,,,38.7014,-122.2236,Annual (October 1 to September 30),1905-06 to 1920-21,"{'Discharge': 'second-feet', 'Run-off per square mile': None, 'Depth in inches on drainage area': None, 'Total in acre-feet': 'acre-feet'}"
1084,92,1,Putah Creek at Winters,,,1909,water_year,,28800,,1240,881000,second-feet,acre-feet,,Water year 1908-9,Putah Creek at Winters,,,38.7014,-122.2236,Annual (October 1 to September 30),1905-06 to 1920-21,"{'Discharge': 'second-feet', 'Run-off per square mile': None, 'Depth in inches on drainage area': None, 'Total in acre-feet': 'acre-feet'}"
1084,92,1,Putah Creek at Winters,,,1910,water_year,,12000,,327,228000,second-feet,acre-feet,,Water year 1909-10,Putah Creek at Winters,,,38.7014,-122.2236,Annual (October 1 to September 30),1905-06 to 1920-21,"{'Discharge': 'second-feet', 'Run-off per square mile': None, 'Depth in inches on drainage area': None, 'Total in acre-feet': 'acre-feet'}"
1084,92,1,Putah Creek at Winters,,,1911,water_year,,,,,483000,second-feet,acre-feet,,Water year 1910-11; partial year Oct. to May 16 only; only total runoff available,Putah Creek at Winters,,,38.7014,-122.2236,Annual (October 1 to September 30),1905-06 to 1920-21,"{'Discharge': 'second-feet', 'Run-off per square mile': None, 'Depth in inches on drainage area': None, 'Total in acre-feet': 'acre-feet'}"
1084,92,1,Putah Creek at Winters,,,1912,water_year,,,,,,second-feet,acre-feet,,Water year 1911-12; no data available,Putah Creek at Winters,,,38.7014,-122.2236,Annual (October 1 to September 30),1905-06 to 1920-21,"{'Discharge': 'second-feet', 'Run-off per square mile': None, 'Depth in inches on drainage area': None, 'Total in acre-feet': 'acre-feet'}"
1084,92,1,Putah Creek at Winters,,,1913,water_year,,8080,,184,134000,second-feet,acre-feet,,Water year 1912-13,Putah Creek at Winters,,,38.7014,-122.2236,Annual (October 1 to September 30),1905-06 to 1920-21,"{'Discharge': 'second-feet', 'Run-off per square mile': None, 'Depth in inches on drainage area': None, 'Total in acre-feet': 'acre-feet'}"
1084,92,1,Putah Creek at Winters,,,1914,water_year,,40000,,240,895000,second-feet,acre-feet,,Water year 1913-14,Putah Creek at Winters,,,38.7014,-122.2236,Annual (October 1 to September 30),1905-06 to 1920-21,"{'Discharge': 'second-feet', 'Run-off per square mile': None, 'Depth in inches on drainage area': None, 'Total in acre-feet': 'acre-feet'}"
1084,92,1,Putah Creek at Winters,,,1915,water_year,,39400,,980,710000,second-feet,acre-feet,,Water year 1914-15,Putah Creek at Winters,,,38.7014,-122.2236,Annual (October 1 to September 30),1905-06 to 1920-21,"{'Discharge': 'second-feet', 'Run-off per square mile': None, 'Depth in inches on drainage area': None, 'Total in acre-feet': 'acre-feet'}"
1084,92,1,Putah Creek at Winters,,,1916,water_year,,42400,,977,709000,second-feet,acre-feet,,Water year 1915-16,Putah Creek at Winters,,,38.7014,-122.2236,Annual (October 1 to September 30),1905-06 to 1920-21,"{'Discharge': 'second-feet', 'Run-off per square mile': None, 'Depth in inches on drainage area': None, 'Total in acre-feet': 'acre-feet'}"
1084,92,1,Putah Creek at Winters,,,1917,water_year,,33400,,393,284000,second-feet,acre-feet,,Water year 1916-17,Putah Creek at Winters,,,38.7014,-122.2236,Annual (October 1 to September 30),1905-06 to 1920-21,"{'Discharge': 'second-feet', 'Run-off per square mile': None, 'Depth in inches on drainage area': None, 'Total in acre-feet': 'acre-feet'}"
1084,92,1,Putah Creek at Winters,,,1918,water_year,,3190,,123,88800,second-feet,acre-feet,,Water year 1917-18,Putah Creek at Winters,,,38.7014,-122.2236,Annual (October 1 to September 30),1905-06 to 1920-21,"{'Discharge': 'second-feet', 'Run-off per square mile': None, 'Depth in inches on drainage area': None, 'Total in acre-feet': 'acre-feet'}"
1084,92,1,Putah Creek at Winters,,,1919,water_year,,27200,,436,315000,second-feet,acre-feet,,Water year 1918-19,Putah Creek at Winters,,,38.7014,-122.2236,Annual (October 1 to September 30),1905-06 to 1920-21,"{'Discharge': 'second-feet', 'Run-off per square mile': None, 'Depth in inches on drainage area': None, 'Total in acre-feet': 'acre-feet'}"
1084,92,1,Putah Creek at Winters,,,1920,water_year,,2830,,58.7,42600,second-feet,acre-feet,,Water year 1919-20,Putah Creek at Winters,,,38.7014,-122.2236,Annual (October 1 to September 30),1905-06 to 1920-21,"{'Discharge': 'second-feet', 'Run-off per square mile': None, 'Depth in inches on drainage area': None, 'Total in acre-feet': 'acre-feet'}"
1084,92,1,Putah Creek at Winters,,,1921,water_year,,23300,,705,510000,second-feet,acre-feet,,Water year 1920-21,Putah Creek at Winters,,,38.7014,-122.2236,Annual (October 1 to September 30),1905-06 to 1920-21,"{'Discharge': 'second-feet', 'Run-off per square mile': None, 'Depth in inches on drainage area': None, 'Total in acre-feet': 'acre-feet'}"
1084,92,2,Sacramento River at Collinsville,,,1879,water_year,,,,,25900000,second-feet,acre-feet,,Water year 1878-79; partial year Nov.-Sept.; mean discharge not given,Sacramento River at Collinsville,,,39.4855,-121.5593,Annual (varies),1878-79 to 1884-85,"{'Discharge': 'second-feet', 'Run-off per square mile': None, 'Depth in inches on discharge area': None, 'Total in acre-feet': 'acre-feet'}"
1084,92,2,Sacramento River at Collinsville,,,1880,water_year,,,,44500,32300000,second-feet,acre-feet,,Water year 1879-80,Sacramento River at Collinsville,,,39.4855,-121.5593,Annual (varies),1878-79 to 1884-85,"{'Discharge': 'second-feet', 'Run-off per square mile': None, 'Depth in inches on discharge area': None, 'Total in acre-feet': 'acre-feet'}"
1084,92,2,Sacramento River at Collinsville,,,1881,water_year,,,,44600,32000000,second-feet,acre-feet,,Water year 1880-81,Sacramento River at Collinsville,,,39.4855,-121.5593,Annual (varies),1878-79 to 1884-85,"{'Discharge': 'second-feet', 'Run-off per square mile': None, 'Depth in inches on discharge area': None, 'Total in acre-feet': 'acre-feet'}"
1084,92,2,Sacramento River at Collinsville,,,1882,water_year,,,,35000,25300000,second-feet,acre-feet,,Water year 1881-82,Sacramento River at Collinsville,,,39.4855,-121.5593,Annual (varies),1878-79 to 1884-85,"{'Discharge': 'second-feet', 'Run-off per square mile': None, 'Depth in inches on discharge area': None, 'Total in acre-feet': 'acre-feet'}"
1084,92,2,Sacramento River at Collinsville,,,1883,water_year,,,,24600,17800000,second-feet,acre-feet,,Water year 1882-83,Sacramento River at Collinsville,,,39.4855,-121.5593,Annual (varies),1878-79 to 1884-85,"{'Discharge': 'second-feet', 'Run-off per square mile': None, 'Depth in inches on discharge area': None, 'Total in acre-feet': 'acre-feet'}"
1084,92,2,Sacramento River at Collinsville,,,1884,water_year,,,,41200,29900000,second-feet,acre-feet,,Water year 1883-84,Sacramento River at Collinsville,,,39.4855,-121.5593,Annual (varies),1878-79 to 1884-85,"{'Discharge': 'second-feet', 'Run-off per square mile': None, 'Depth in inches on discharge area': None, 'Total in acre-feet': 'acre-feet'}"
1084,92,2,Sacramento River at Collinsville,,,1885,water_year,,,,25100,18100000,second-feet,acre-feet,,"Water year 1884-85; per-square-mile printed as '958', likely 0.958",Sacramento River at Collinsville,,,39.4855,-121.5593,Annual (varies),1878-79 to 1884-85,"{'Discharge': 'second-feet', 'Run-off per square mile': None, 'Depth in inches on discharge area': None, 'Total in acre-feet': 'acre-feet'}"
1084,91,1,Bear River at Van Trent,,,1905,water_year,,,,,315000,second-feet,acre-feet,,1904-5 Oct. 8 to Sept. 30 only; no max/min/mean given,Bear River at Van Trent,,,40.4,-120.9,Annually,10/08/1904-09/30/1921,"{'Discharge': 'second-feet', 'Run-off_Depth': 'inches', 'Total_Run-off': 'acre-feet'}"
1084,91,1,Bear River at Van Trent,,,1906,water_year,,17900,,776,561000,second-feet,acre-feet,,,Bear River at Van Trent,,,40.4,-120.9,Annually,10/08/1904-09/30/1921,"{'Discharge': 'second-feet', 'Run-off_Depth': 'inches', 'Total_Run-off': 'acre-feet'}"
1084,91,1,Bear River at Van Trent,,,1907,water_year,,25800,,1010,726000,second-feet,acre-feet,,,Bear River at Van Trent,,,40.4,-120.9,Annually,10/08/1904-09/30/1921,"{'Discharge': 'second-feet', 'Run-off_Depth': 'inches', 'Total_Run-off': 'acre-feet'}"
1084,91,1,Bear River at Van Trent,,,1908,water_year,,2350,,260,188000,second-feet,acre-feet,,"Maximum printed as '2, ,350'; interpreted as 2350",Bear River at Van Trent,,,40.4,-120.9,Annually,10/08/1904-09/30/1921,"{'Discharge': 'second-feet', 'Run-off_Depth': 'inches', 'Total_Run-off': 'acre-feet'}"
1084,91,1,Bear River at Van Trent,,,1909,water_year,,25300,,731,525000,second-feet,acre-feet,,,Bear River at Van Trent,,,40.4,-120.9,Annually,10/08/1904-09/30/1921,"{'Discharge': 'second-feet', 'Run-off_Depth': 'inches', 'Total_Run-off': 'acre-feet'}"
1084,91,1,Bear River at Van Trent,,,1910,water_year,,9960,,354,256000,second-feet,acre-feet,,,Bear River at Van Trent,,,40.4,-120.9,Annually,10/08/1904-09/30/1921,"{'Discharge': 'second-feet', 'Run-off_Depth': 'inches', 'Total_Run-off': 'acre-feet'}"
1084,91,1,Bear River at Van Trent,,,1911,water_year,,22200,,710,512000,second-feet,acre-feet,,,Bear River at Van Trent,,,40.4,-120.9,Annually,10/08/1904-09/30/1921,"{'Discharge': 'second-feet', 'Run-off_Depth': 'inches', 'Total_Run-off': 'acre-feet'}"
1084,91,1,Bear River at Van Trent,,,1912,water_year,,1020,,121,87600,second-feet,acre-feet,,,Bear River at Van Trent,,,40.4,-120.9,Annually,10/08/1904-09/30/1921,"{'Discharge': 'second-feet', 'Run-off_Depth': 'inches', 'Total_Run-off': 'acre-feet'}"
1084,91,1,Bear River at Van Trent,,,1913,water_year,,3650,,147,106000,second-feet,acre-feet,,,Bear River at Van Trent,,,40.4,-120.9,Annually,10/08/1904-09/30/1921,"{'Discharge': 'second-feet', 'Run-off_Depth': 'inches', 'Total_Run-off': 'acre-feet'}"
1084,91,1,Bear River at Van Trent,,,1914,water_year,,17000,,750,543000,second-feet,acre-feet,,,Bear River at Van Trent,,,40.4,-120.9,Annually,10/08/1904-09/30/1921,"{'Discharge': 'second-feet', 'Run-off_Depth': 'inches', 'Total_Run-off': 'acre-feet'}"
1084,91,1,Bear River at Van Trent,,,1915,water_year,,12700,,653,472000,second-feet,acre-feet,,,Bear River at Van Trent,,,40.4,-120.9,Annually,10/08/1904-09/30/1921,"{'Discharge': 'second-feet', 'Run-off_Depth': 'inches', 'Total_Run-off': 'acre-feet'}"
1084,91,1,Bear River at Van Trent,,,1916,water_year,,19400,,902,655000,second-feet,acre-feet,,,Bear River at Van Trent,,,40.4,-120.9,Annually,10/08/1904-09/30/1921,"{'Discharge': 'second-feet', 'Run-off_Depth': 'inches', 'Total_Run-off': 'acre-feet'}"
1084,91,1,Bear River at Van Trent,,,1917,water_year,,10800,,470,340000,second-feet,acre-feet,,,Bear River at Van Trent,,,40.4,-120.9,Annually,10/08/1904-09/30/1921,"{'Discharge': 'second-feet', 'Run-off_Depth': 'inches', 'Total_Run-off': 'acre-feet'}"
1084,91,1,Bear River at Van Trent,,,1918,water_year,,4930,,177,128000,second-feet,acre-feet,,,Bear River at Van Trent,,,40.4,-120.9,Annually,10/08/1904-09/30/1921,"{'Discharge': 'second-feet', 'Run-off_Depth': 'inches', 'Total_Run-off': 'acre-feet'}"
1084,91,1,Bear River at Van Trent,,,1919,water_year,,19800,,418,303000,second-feet,acre-feet,,,Bear River at Van Trent,,,40.4,-120.9,Annually,10/08/1904-09/30/1921,"{'Discharge': 'second-feet', 'Run-off_Depth': 'inches', 'Total_Run-off': 'acre-feet'}"
1084,91,1,Bear River at Van Trent,,,1920,water_year,,800,,134,97100,second-feet,acre-feet,,,Bear River at Van Trent,,,40.4,-120.9,Annually,10/08/1904-09/30/1921,"{'Discharge': 'second-feet', 'Run-off_Depth': 'inches', 'Total_Run-off': 'acre-feet'}"
1084,91,1,Bear River at Van Trent,,,1921,water_year,,15700,,645,467000,second-feet,acre-feet,,,Bear River at Van Trent,,,40.4,-120.9,Annually,10/08/1904-09/30/1921,"{'Discharge': 'second-feet', 'Run-off_Depth': 'inches', 'Total_Run-off': 'acre-feet'}"
1084,91,2,American River at Fairoaks,,,1905,water_year,,,,,1960000,second-feet,acre-feet,,1904-5 Nov. 4 to Sept. 30 only; no max/min/mean given,American River at Fairoaks,,,38.7,-121.0,Annually,11/04/1904-09/30/1921,"{'Discharge': 'second-feet', 'Run-off_Depth': 'inches', 'Total_Run-off': 'acre-feet'}"
1084,91,2,American River at Fairoaks,,,1906,water_year,,44500,,6580,4762000,second-feet,acre-feet,,,American River at Fairoaks,,,38.7,-121.0,Annually,11/04/1904-09/30/1921,"{'Discharge': 'second-feet', 'Run-off_Depth': 'inches', 'Total_Run-off': 'acre-feet'}"
1084,91,2,American River at Fairoaks,,,1907,water_year,,105000,,5930,5710000,second-feet,acre-feet,,"Mean printed as ',930'; interpreted as 5930",American River at Fairoaks,,,38.7,-121.0,Annually,11/04/1904-09/30/1921,"{'Discharge': 'second-feet', 'Run-off_Depth': 'inches', 'Total_Run-off': 'acre-feet'}"
1084,91,2,American River at Fairoaks,,,1908,water_year,,8460,,2000,1450000,second-feet,acre-feet,,"Mean printed as ',000'; interpreted as 2000",American River at Fairoaks,,,38.7,-121.0,Annually,11/04/1904-09/30/1921,"{'Discharge': 'second-feet', 'Run-off_Depth': 'inches', 'Total_Run-off': 'acre-feet'}"
1084,91,2,American River at Fairoaks,,,1909,water_year,,98000,,6330,4540000,second-feet,acre-feet,,,American River at Fairoaks,,,38.7,-121.0,Annually,11/04/1904-09/30/1921,"{'Discharge': 'second-feet', 'Run-off_Depth': 'inches', 'Total_Run-off': 'acre-feet'}"
1084,91,2,American River at Fairoaks,,,1910,water_year,,47000,,4900,3540000,second-feet,acre-feet,,"Max printed as '47,00'; interpreted as 47000",American River at Fairoaks,,,38.7,-121.0,Annually,11/04/1904-09/30/1921,"{'Discharge': 'second-feet', 'Run-off_Depth': 'inches', 'Total_Run-off': 'acre-feet'}"
1084,91,2,American River at Fairoaks,,,1911,water_year,,69100,,7600,5480000,second-feet,acre-feet,,,American River at Fairoaks,,,38.7,-121.0,Annually,11/04/1904-09/30/1921,"{'Discharge': 'second-feet', 'Run-off_Depth': 'inches', 'Total_Run-off': 'acre-feet'}"
1084,91,2,American River at Fairoaks,,,1912,water_year,,11300,,1740,1260000,second-feet,acre-feet,,"Mean printed as ',740'; interpreted as 1740; minimum blank",American River at Fairoaks,,,38.7,-121.0,Annually,11/04/1904-09/30/1921,"{'Discharge': 'second-feet', 'Run-off_Depth': 'inches', 'Total_Run-off': 'acre-feet'}"
1084,91,2,American River at Fairoaks,,,1913,water_year,,11600,,1980,1430000,second-feet,acre-feet,,Minimum blank,American River at Fairoaks,,,38.7,-121.0,Annually,11/04/1904-09/30/1921,"{'Discharge': 'second-feet', 'Run-off_Depth': 'inches', 'Total_Run-off': 'acre-feet'}"
1084,91,2,American River at Fairoaks,,,1914,water_year,,57700,,5460,3950000,second-feet,acre-feet,,,American River at Fairoaks,,,38.7,-121.0,Annually,11/04/1904-09/30/1921,"{'Discharge': 'second-feet', 'Run-off_Depth': 'inches', 'Total_Run-off': 'acre-feet'}"
1084,91,2,American River at Fairoaks,,,1915,water_year,,41800,,4230,3060000,second-feet,acre-feet,,"Mean printed as ',230'; interpreted as 4230",American River at Fairoaks,,,38.7,-121.0,Annually,11/04/1904-09/30/1921,"{'Discharge': 'second-feet', 'Run-off_Depth': 'inches', 'Total_Run-off': 'acre-feet'}"
1084,91,2,American River at Fairoaks,,,1916,water_year,,33200,,5300,3850000,second-feet,acre-feet,,,American River at Fairoaks,,,38.7,-121.0,Annually,11/04/1904-09/30/1921,"{'Discharge': 'second-feet', 'Run-off_Depth': 'inches', 'Total_Run-off': 'acre-feet'}"
1084,91,2,American River at Fairoaks,,,1917,water_year,,37600,,3910,2830000,second-feet,acre-feet,,,American River at Fairoaks,,,38.7,-121.0,Annually,11/04/1904-09/30/1921,"{'Discharge': 'second-feet', 'Run-off_Depth': 'inches', 'Total_Run-off': 'acre-feet'}"
1084,91,2,American River at Fairoaks,,,1918,water_year,,,,1960,1420000,second-feet,acre-feet,,"Max blank; mean printed as ',960'; interpreted as 1960",American River at Fairoaks,,,38.7,-121.0,Annually,11/04/1904-09/30/1921,"{'Discharge': 'second-feet', 'Run-off_Depth': 'inches', 'Total_Run-off': 'acre-feet'}"
1084,91,2,American River at Fairoaks,,,1919,water_year,,45000,,2980,2150000,second-feet,acre-feet,,,American River at Fairoaks,,,38.7,-121.0,Annually,11/04/1904-09/30/1921,"{'Discharge': 'second-feet', 'Run-off_Depth': 'inches', 'Total_Run-off': 'acre-feet'}"
1084,91,2,American River at Fairoaks,,,1920,water_year,,18800,,1920,1390000,second-feet,acre-feet,,,American River at Fairoaks,,,38.7,-121.0,Annually,11/04/1904-09/30/1921,"{'Discharge': 'second-feet', 'Run-off_Depth': 'inches', 'Total_Run-off': 'acre-feet'}"
1084,91,2,American River at Fairoaks,,,1921,water_year,,32800,,3450,3220000,second-feet,acre-feet,,Mean printed as '450'; likely 3450 given context and total runoff,American River at Fairoaks,,,38.7,-121.0,Annually,11/04/1904-09/30/1921,"{'Discharge': 'second-feet', 'Run-off_Depth': 'inches', 'Total_Run-off': 'acre-feet'}"
1084,91,3,Cache Creek at Yolo,,,,,,,,,397000,second-feet,acre-feet,,1903 Jan.-Sept. only; year=1903 partial year,Cache Creek at Yolo,,,38.7,-122.1,Annually,01/1903-09/1920,"{'Discharge': 'second-feet', 'Run-off_Depth': 'inches', 'Total_Run-off': 'acre-feet'}"
1084,91,3,Cache Creek at Yolo,,,1904,water_year,,11200,,1230,890000,second-feet,acre-feet,,,Cache Creek at Yolo,,,38.7,-122.1,Annually,01/1903-09/1920,"{'Discharge': 'second-feet', 'Run-off_Depth': 'inches', 'Total_Run-off': 'acre-feet'}"
1084,91,3,Cache Creek at Yolo,,,1905,water_year,,11300,,875,629000,second-feet,acre-feet,,Year printed as '1901-5'; interpreted as 1904-5 (OCR error),Cache Creek at Yolo,,,38.7,-122.1,Annually,01/1903-09/1920,"{'Discharge': 'second-feet', 'Run-off_Depth': 'inches', 'Total_Run-off': 'acre-feet'}"
1084,91,3,Cache Creek at Yolo,,,1906,water_year,,18900,,1030,740000,second-feet,acre-feet,,,Cache Creek at Yolo,,,38.7,-122.1,Annually,01/1903-09/1920,"{'Discharge': 'second-feet', 'Run-off_Depth': 'inches', 'Total_Run-off': 'acre-feet'}"
1084,91,3,Cache Creek at Yolo,,,1907,water_year,,19200,,1380,983000,second-feet,acre-feet,,,Cache Creek at Yolo,,,38.7,-122.1,Annually,01/1903-09/1920,"{'Discharge': 'second-feet', 'Run-off_Depth': 'inches', 'Total_Run-off': 'acre-feet'}"
1084,91,3,Cache Creek at Yolo,,,1908,water_year,,6080,,446,309000,second-feet,acre-feet,,,Cache Creek at Yolo,,,38.7,-122.1,Annually,01/1903-09/1920,"{'Discharge': 'second-feet', 'Run-off_Depth': 'inches', 'Total_Run-off': 'acre-feet'}"
1084,91,3,Cache Creek at Yolo,,,1909,water_year,,20100,,1810,280000,second-feet,acre-feet,,"Total runoff printed as '280,000'; may be OCR error for 1,280,000 given mean of 1810",Cache Creek at Yolo,,,38.7,-122.1,Annually,01/1903-09/1920,"{'Discharge': 'second-feet', 'Run-off_Depth': 'inches', 'Total_Run-off': 'acre-feet'}"
1084,91,3,Cache Creek at Yolo,,,1910,water_year,,4120,,349,250000,second-feet,acre-feet,,,Cache Creek at Yolo,,,38.7,-122.1,Annually,01/1903-09/1920,"{'Discharge': 'second-feet', 'Run-off_Depth': 'inches', 'Total_Run-off': 'acre-feet'}"
1084,91,3,Cache Creek at Yolo,,,1911,water_year,,18400,,786,496000,second-feet,acre-feet,,Depth printed as '574'; likely '.574' inches,Cache Creek at Yolo,,,38.7,-122.1,Annually,01/1903-09/1920,"{'Discharge': 'second-feet', 'Run-off_Depth': 'inches', 'Total_Run-off': 'acre-feet'}"
1084,91,3,Cache Creek at Yolo,,,1912,water_year,,875,,50,36900,second-feet,acre-feet,,Mean printed as '50.',Cache Creek at Yolo,,,38.7,-122.1,Annually,01/1903-09/1920,"{'Discharge': 'second-feet', 'Run-off_Depth': 'inches', 'Total_Run-off': 'acre-feet'}"
1084,91,3,Cache Creek at Yolo,,,1913,water_year,,3790,,99,72300,second-feet,acre-feet,,"Total printed as '72,3 300'; interpreted as 72300",Cache Creek at Yolo,,,38.7,-122.1,Annually,01/1903-09/1920,"{'Discharge': 'second-feet', 'Run-off_Depth': 'inches', 'Total_Run-off': 'acre-feet'}"
1084,91,3,Cache Creek at Yolo,,,1914,water_year,,19100,,1620,170000,second-feet,acre-feet,,"Total printed as '170,000'; may be OCR error for 1,170,000",Cache Creek at Yolo,,,38.7,-122.1,Annually,01/1903-09/1920,"{'Discharge': 'second-feet', 'Run-off_Depth': 'inches', 'Total_Run-off': 'acre-feet'}"
1084,91,3,Cache Creek at Yolo,,,1915,water_year,,19300,,1380,999000,second-feet,acre-feet,,,Cache Creek at Yolo,,,38.7,-122.1,Annually,01/1903-09/1920,"{'Discharge': 'second-feet', 'Run-off_Depth': 'inches', 'Total_Run-off': 'acre-feet'}"
1084,91,3,Cache Creek at Yolo,,,1916,water_year,,19000,,943,686000,second-feet,acre-feet,,,Cache Creek at Yolo,,,38.7,-122.1,Annually,01/1903-09/1920,"{'Discharge': 'second-feet', 'Run-off_Depth': 'inches', 'Total_Run-off': 'acre-feet'}"
1084,91,3,Cache Creek at Yolo,,,1917,water_year,,17700,,200,145000,second-feet,acre-feet,,,Cache Creek at Yolo,,,38.7,-122.1,Annually,01/1903-09/1920,"{'Discharge': 'second-feet', 'Run-off_Depth': 'inches', 'Total_Run-off': 'acre-feet'}"
1084,91,3,Cache Creek at Yolo,,,1918,water_year,,995,,42.1,30400,second-feet,acre-feet,,Mean printed as '42. 1',Cache Creek at Yolo,,,38.7,-122.1,Annually,01/1903-09/1920,"{'Discharge': 'second-feet', 'Run-off_Depth': 'inches', 'Total_Run-off': 'acre-feet'}"
1084,91,3,Cache Creek at Yolo,,,1919,water_year,,7500,,147,107000,second-feet,acre-feet,,"Total printed as '107,00'; interpreted as 107000",Cache Creek at Yolo,,,38.7,-122.1,Annually,01/1903-09/1920,"{'Discharge': 'second-feet', 'Run-off_Depth': 'inches', 'Total_Run-off': 'acre-feet'}"
1084,91,3,Cache Creek at Yolo,,,1920,water_year,,812,,3.94,2860,second-feet,acre-feet,,,Cache Creek at Yolo,,,38.7,-122.1,Annually,01/1903-09/1920,"{'Discharge': 'second-feet', 'Run-off_Depth': 'inches', 'Total_Run-off': 'acre-feet'}"
1084,91,3,Cache Creek at Yolo,,,1921,water_year,,12300,,5.38,389000,second-feet,acre-feet,,"Max printed as '12, ,300'; interpreted as 12300",Cache Creek at Yolo,,,38.7,-122.1,Annually,01/1903-09/1920,"{'Discharge': 'second-feet', 'Run-off_Depth': 'inches', 'Total_Run-off': 'acre-feet'}"
10430,31,1,"Los Conejos Creek near Alpine, Calif.",,,1914,water_year,,,,,2070,unknown,acre-feet,,,"Los Conejos Creek near Alpine, Calif.",32.8916667,-116.7597222,,,Water year,01/01/1914-09/30/1915,"{'Discharge': 'acre-feet', 'Stage_Height': 'ft'}"
10430,31,1,"Los Conejos Creek near Alpine, Calif.",,,1915,water_year,,,,,8120,unknown,acre-feet,,,"Los Conejos Creek near Alpine, Calif.",32.8916667,-116.7597222,,,Water year,01/01/1914-09/30/1915,"{'Discharge': 'acre-feet', 'Stage_Height': 'ft'}"
10430,30,1,"San Diego River at diverting dam, near Lakeside, Calif.",32.9694,-116.7375,1913,water_year,,,,,6620,unknown,acre-feet,,,San Diego River at diverting dam near Lakeside,32.969444,-116.7375,,,Annual,1912-01/01/1916-12/31,"{'Discharge': 'acre-feet', 'Flow Rate': 'ft3/s'}"
10430,30,1,"San Diego River at diverting dam, near Lakeside, Calif.",32.9694,-116.7375,1914,water_year,,,,,13800,unknown,acre-feet,,,San Diego River at diverting dam near Lakeside,32.969444,-116.7375,,,Annual,1912-01/01/1916-12/31,"{'Discharge': 'acre-feet', 'Flow Rate': 'ft3/s'}"
10430,30,1,"San Diego River at diverting dam, near Lakeside, Calif.",32.9694,-116.7375,1915,water_year,,,,,41700,unknown,acre-feet,,,San Diego River at diverting dam near Lakeside,32.969444,-116.7375,,,Annual,1912-01/01/1916-12/31,"{'Discharge': 'acre-feet', 'Flow Rate': 'ft3/s'}"
10430,30,1,"San Diego River at diverting dam, near Lakeside, Calif.",32.9694,-116.7375,1916,water_year,,,,,126000,unknown,acre-feet,,"Peak discharge noted in text: 15,800 ft3/s on Jan. 28, 1916",San Diego River at diverting dam near Lakeside,32.969444,-116.7375,,,Annual,1912-01/01/1916-12/31,"{'Discharge': 'acre-feet', 'Flow Rate': 'ft3/s'}"
1083,64,1,Eel River above Dos Rios,,,1958,water_year,,,,,2051000,unknown,acre-feet,,"Suspended-sediment discharge: 2,062,000 tons; yield: 2,925 tons/sq mi",Eel River above Dos Rios,,,39.3,-123.0,1 year,10/01/1957-09/30/1967,"{'Water_Discharge': 'acre-feet', 'Suspended-Sediment_Discharge_Q': 'tons', 'Suspended-Sediment_Yield': 'tons per sq mi'}"
1083,64,1,Eel River above Dos Rios,,,1959,water_year,,,,,479000,unknown,acre-feet,,"Suspended-sediment discharge: 332,100 tons; yield: 471 tons/sq mi",Eel River above Dos Rios,,,39.3,-123.0,1 year,10/01/1957-09/30/1967,"{'Water_Discharge': 'acre-feet', 'Suspended-Sediment_Discharge_Q': 'tons', 'Suspended-Sediment_Yield': 'tons per sq mi'}"
1083,64,1,Eel River above Dos Rios,,,1960,water_year,,,,,943700,unknown,acre-feet,,"Suspended-sediment discharge: 1,803,000 tons; yield: 2,557 tons/sq mi",Eel River above Dos Rios,,,39.3,-123.0,1 year,10/01/1957-09/30/1967,"{'Water_Discharge': 'acre-feet', 'Suspended-Sediment_Discharge_Q': 'tons', 'Suspended-Sediment_Yield': 'tons per sq mi'}"
1083,64,1,Eel River above Dos Rios,,,1961,water_year,,,,,757200,unknown,acre-feet,,"Suspended-sediment discharge: 412,900 tons; yield: 586 tons/sq mi",Eel River above Dos Rios,,,39.3,-123.0,1 year,10/01/1957-09/30/1967,"{'Water_Discharge': 'acre-feet', 'Suspended-Sediment_Discharge_Q': 'tons', 'Suspended-Sediment_Yield': 'tons per sq mi'}"
1083,64,1,Eel River above Dos Rios,,,1962,water_year,,,,,630500,unknown,acre-feet,,"Suspended-sediment discharge: 430,800 tons; yield: 611 tons/sq mi",Eel River above Dos Rios,,,39.3,-123.0,1 year,10/01/1957-09/30/1967,"{'Water_Discharge': 'acre-feet', 'Suspended-Sediment_Discharge_Q': 'tons', 'Suspended-Sediment_Yield': 'tons per sq mi'}"
1083,64,1,Eel River above Dos Rios,,,1963,water_year,,,,,1105000,unknown,acre-feet,,"Suspended-sediment discharge: 1,715,000 tons (OCR artifact '1,715,0 000'); yield: 2,433 tons/sq mi",Eel River above Dos Rios,,,39.3,-123.0,1 year,10/01/1957-09/30/1967,"{'Water_Discharge': 'acre-feet', 'Suspended-Sediment_Discharge_Q': 'tons', 'Suspended-Sediment_Yield': 'tons per sq mi'}"
1083,64,1,Eel River above Dos Rios,,,1964,water_year,,,,,376000,unknown,acre-feet,,"Suspended-sediment discharge: 240,500 tons; yield: 341 tons/sq mi",Eel River above Dos Rios,,,39.3,-123.0,1 year,10/01/1957-09/30/1967,"{'Water_Discharge': 'acre-feet', 'Suspended-Sediment_Discharge_Q': 'tons', 'Suspended-Sediment_Yield': 'tons per sq mi'}"
1083,64,1,Eel River above Dos Rios,,,1965,water_year,,,,,1822000,unknown,acre-feet,,"Suspended-sediment discharge: 9,571,000 tons; yield: 13,580 tons/sq mi",Eel River above Dos Rios,,,39.3,-123.0,1 year,10/01/1957-09/30/1967,"{'Water_Discharge': 'acre-feet', 'Suspended-Sediment_Discharge_Q': 'tons', 'Suspended-Sediment_Yield': 'tons per sq mi'}"
1083,64,1,Black Butte River near Covelo,,,1966,water_year,,,,,169600,unknown,acre-feet,,"Footnote 1 applies. Suspended-sediment discharge: 474,300 tons; yield not listed individually",Black Butte River near Covelo,,,39.4,-123.1,1 year,1966-01/1967-09,"{'Water_Discharge': 'acre-feet', 'Suspended-Sediment_Discharge_Q': 'tons'}"
1083,64,1,Black Butte River near Covelo,,,1967,water_year,,,,,304200,unknown,acre-feet,,"Footnote 1 applies. Suspended-sediment discharge: 930,800 tons; yield not listed individually",Black Butte River near Covelo,,,39.4,-123.1,1 year,1966-01/1967-09,"{'Water_Discharge': 'acre-feet', 'Suspended-Sediment_Discharge_Q': 'tons'}"
1083,64,1,"Middle Fork Eel River below Black Butte River, near Covelo",,,1963,water_year,,,,,829100,unknown,acre-feet,,"Suspended-sediment discharge: 1,618,000 tons; yield: 4,409 tons/sq mi",Middle Fork Eel River below Black Butte River near Covelo,,,39.4,-123.1,1 year,1963-01/1967-09,"{'Water_Discharge': 'acre-feet', 'Suspended-Sediment_Discharge_Q': 'tons'}"
1083,64,1,"Middle Fork Eel River below Black Butte River, near Covelo",,,1964,water_year,,,,,334900,unknown,acre-feet,,"Suspended-sediment discharge: 105,300 tons; yield: 287 tons/sq mi",Middle Fork Eel River below Black Butte River near Covelo,,,39.4,-123.1,1 year,1963-01/1967-09,"{'Water_Discharge': 'acre-feet', 'Suspended-Sediment_Discharge_Q': 'tons'}"
1083,64,1,"Middle Fork Eel River below Black Butte River, near Covelo",,,1965,water_year,,,,,1339000,unknown,acre-feet,,"Suspended-sediment discharge: 100,000 tons (possibly OCR error); yield: 27,520 tons/sq mi (possibly OCR error)",Middle Fork Eel River below Black Butte River near Covelo,,,39.4,-123.1,1 year,1963-01/1967-09,"{'Water_Discharge': 'acre-feet', 'Suspended-Sediment_Discharge_Q': 'tons'}"
1083,64,1,"Middle Fork Eel River below Black Butte River, near Covelo",,,1966,water_year,,,,,559000,unknown,acre-feet,,"Suspended-sediment discharge: 1,116,000 tons; yield: 3,041 tons/sq mi",Middle Fork Eel River below Black Butte River near Covelo,,,39.4,-123.1,1 year,1963-01/1967-09,"{'Water_Discharge': 'acre-feet', 'Suspended-Sediment_Discharge_Q': 'tons'}"
1083,64,1,"Middle Fork Eel River below Black Butte River, near Covelo",,,1967,water_year,,,,,798700,unknown,acre-feet,,"Suspended-sediment discharge: 1,974,000 tons; yield: 5,379 tons/sq mi",Middle Fork Eel River below Black Butte River near Covelo,,,39.4,-123.1,1 year,1963-01/1967-09,"{'Water_Discharge': 'acre-feet', 'Suspended-Sediment_Discharge_Q': 'tons'}"
1083,64,1,Middle Fork Eel River near Dos Rios,,,1958,water_year,,,,,498000,unknown,acre-feet,,"Footnote 3 on water discharge. Suspended-sediment discharge: 4,157,000 tons; yield: 5,580 tons/sq mi",Middle Fork Eel River near Dos Rios,,,39.3,-123.0,1 year,1958-01/1967-09,"{'Water_Discharge': 'acre-feet', 'Suspended-Sediment_Discharge_Q': 'tons'}"
1083,64,1,Middle Fork Eel River near Dos Rios,,,1959,water_year,,,,,746900,unknown,acre-feet,,"Footnote 3 on water discharge. Suspended-sediment discharge: 841,900 tons; yield: 1,130 tons/sq mi",Middle Fork Eel River near Dos Rios,,,39.3,-123.0,1 year,1958-01/1967-09,"{'Water_Discharge': 'acre-feet', 'Suspended-Sediment_Discharge_Q': 'tons'}"
1083,64,1,Middle Fork Eel River near Dos Rios,,,1960,water_year,,,,,886000,unknown,acre-feet,,"Footnote 3 on water discharge. Suspended-sediment discharge: 2,649,000 tons; yield: 3,556 tons/sq mi",Middle Fork Eel River near Dos Rios,,,39.3,-123.0,1 year,1958-01/1967-09,"{'Water_Discharge': 'acre-feet', 'Suspended-Sediment_Discharge_Q': 'tons'}"
1083,64,1,Middle Fork Eel River near Dos Rios,,,1961,water_year,,,,,1110000,unknown,acre-feet,,"Footnote 3 on water discharge. Suspended-sediment discharge: 847,900 tons; yield: 1,138 tons/sq mi (OCR '1, ,138')",Middle Fork Eel River near Dos Rios,,,39.3,-123.0,1 year,1958-01/1967-09,"{'Water_Discharge': 'acre-feet', 'Suspended-Sediment_Discharge_Q': 'tons'}"
1083,64,1,Middle Fork Eel River near Dos Rios,,,1962,water_year,,,,,857600,unknown,acre-feet,,"Footnote 3 on water discharge. Suspended-sediment discharge: 579,000 tons; yield: 777 tons/sq mi",Middle Fork Eel River near Dos Rios,,,39.3,-123.0,1 year,1958-01/1967-09,"{'Water_Discharge': 'acre-feet', 'Suspended-Sediment_Discharge_Q': 'tons'}"
1083,64,1,Middle Fork Eel River near Dos Rios,,,1963,water_year,,,,,1614000,unknown,acre-feet,,"Footnote 3 on water discharge. Suspended-sediment discharge: 4,710,000 tons; yield: 6,322 tons/sq mi",Middle Fork Eel River near Dos Rios,,,39.3,-123.0,1 year,1958-01/1967-09,"{'Water_Discharge': 'acre-feet', 'Suspended-Sediment_Discharge_Q': 'tons'}"
1083,64,1,Middle Fork Eel River near Dos Rios,,,1964,water_year,,,,,647300,unknown,acre-feet,,"Footnote 3 on water discharge. Suspended-sediment discharge: 759,400 tons; yield: 1,019 tons/sq mi",Middle Fork Eel River near Dos Rios,,,39.3,-123.0,1 year,1958-01/1967-09,"{'Water_Discharge': 'acre-feet', 'Suspended-Sediment_Discharge_Q': 'tons'}"
1083,64,1,Middle Fork Eel River near Dos Rios,,,1965,water_year,,,,,2768000,unknown,acre-feet,,"Footnote 3 on water discharge. Suspended-sediment discharge: 18,700,000 tons; yield: 25,100 tons/sq mi",Middle Fork Eel River near Dos Rios,,,39.3,-123.0,1 year,1958-01/1967-09,"{'Water_Discharge': 'acre-feet', 'Suspended-Sediment_Discharge_Q': 'tons'}"
1083,64,1,Middle Fork Eel River near Dos Rios,,,1966,water_year,,,,,1062000,unknown,acre-feet,,"Suspended-sediment discharge: 4,330,000 tons (OCR '4. 330,000'); yield: 5,812 tons/sq mi",Middle Fork Eel River near Dos Rios,,,39.3,-123.0,1 year,1958-01/1967-09,"{'Water_Discharge': 'acre-feet', 'Suspended-Sediment_Discharge_Q': 'tons'}"
1083,64,1,Middle Fork Eel River near Dos Rios,,,1967,water_year,,,,,1434000,unknown,acre-feet,,"Suspended-sediment discharge: 4,880,000 tons; yield: 6,550 tons/sq mi",Middle Fork Eel River near Dos Rios,,,39.3,-123.0,1 year,1958-01/1967-09,"{'Water_Discharge': 'acre-feet', 'Suspended-Sediment_Discharge_Q': 'tons'}"
1083,64,1,Eel River at Fort Seward,,,1966,water_year,,,,,2657000,unknown,acre-feet,,"Suspended-sediment discharge: 13,210,000 tons; yield: 6,270 tons/sq mi",Eel River at Fort Seward,,,40.8,-123.9,1 year,1966-01/1967-09,"{'Water_Discharge': 'acre-feet', 'Suspended-Sediment_Discharge_Q': 'tons'}"
1083,64,1,Eel River at Fort Seward,,,1967,water_year,,,,,3818000,unknown,acre-feet,,"Suspended-sediment discharge: 16,000,000 tons; yield: 7,594 tons/sq mi",Eel River at Fort Seward,,,40.8,-123.9,1 year,1966-01/1967-09,"{'Water_Discharge': 'acre-feet', 'Suspended-Sediment_Discharge_Q': 'tons'}"
1083,65,1,South Fork Eel River near Branscomb,,,1958,water_year,,,,,219200,unknown,acre-feet,,"Suspended-sediment discharge: ~88,000 tons (quality flag 4=Hawley and Jones 1969)",South Fork Eel River near Branscomb,,,41.0,-123.5,Annual,10/01/1957-09/30/1967,"{'Water_Discharge': 'acre-feet', 'Suspended_Sediment_Discharge': 'tons'}"
1083,65,1,South Fork Eel River near Branscomb,,,1959,water_year,,,,,81590,unknown,acre-feet,,"Suspended-sediment discharge: ~10,000 tons (quality flag 4)",South Fork Eel River near Branscomb,,,41.0,-123.5,Annual,10/01/1957-09/30/1967,"{'Water_Discharge': 'acre-feet', 'Suspended_Sediment_Discharge': 'tons'}"
1083,65,1,South Fork Eel River near Branscomb,,,1960,water_year,,,,,110300,unknown,acre-feet,,"Suspended-sediment discharge: ~330,000 tons (quality flag 4; OCR value '4 330,00' interpreted as 330,000)",South Fork Eel River near Branscomb,,,41.0,-123.5,Annual,10/01/1957-09/30/1967,"{'Water_Discharge': 'acre-feet', 'Suspended_Sediment_Discharge': 'tons'}"
1083,65,1,South Fork Eel River near Branscomb,,,1961,water_year,,,,,116600,unknown,acre-feet,,"Suspended-sediment discharge: ~10,000 tons (quality flag 4)",South Fork Eel River near Branscomb,,,41.0,-123.5,Annual,10/01/1957-09/30/1967,"{'Water_Discharge': 'acre-feet', 'Suspended_Sediment_Discharge': 'tons'}"
1083,65,1,South Fork Eel River near Branscomb,,,1962,water_year,,,,,77480,unknown,acre-feet,,"Suspended-sediment discharge: 48,000 tons (quality flag 4)",South Fork Eel River near Branscomb,,,41.0,-123.5,Annual,10/01/1957-09/30/1967,"{'Water_Discharge': 'acre-feet', 'Suspended_Sediment_Discharge': 'tons'}"
1083,65,1,South Fork Eel River near Branscomb,,,1963,water_year,,,,,133200,unknown,acre-feet,,"Suspended-sediment discharge: 61,760 tons",South Fork Eel River near Branscomb,,,41.0,-123.5,Annual,10/01/1957-09/30/1967,"{'Water_Discharge': 'acre-feet', 'Suspended_Sediment_Discharge': 'tons'}"
1083,65,1,South Fork Eel River near Branscomb,,,1964,water_year,,,,,87550,unknown,acre-feet,,"Suspended-sediment discharge: 26,330 tons",South Fork Eel River near Branscomb,,,41.0,-123.5,Annual,10/01/1957-09/30/1967,"{'Water_Discharge': 'acre-feet', 'Suspended_Sediment_Discharge': 'tons'}"
1083,65,1,South Fork Eel River near Branscomb,,,1965,water_year,,,,,194300,unknown,acre-feet,,"Suspended-sediment discharge: 502,800 tons",South Fork Eel River near Branscomb,,,41.0,-123.5,Annual,10/01/1957-09/30/1967,"{'Water_Discharge': 'acre-feet', 'Suspended_Sediment_Discharge': 'tons'}"
1083,65,1,South Fork Eel River near Branscomb,,,1966,water_year,,,,,107400,unknown,acre-feet,,"Suspended-sediment discharge: 154,500 tons",South Fork Eel River near Branscomb,,,41.0,-123.5,Annual,10/01/1957-09/30/1967,"{'Water_Discharge': 'acre-feet', 'Suspended_Sediment_Discharge': 'tons'}"
1083,65,1,South Fork Eel River near Branscomb,,,1967,water_year,,,,,124300,unknown,acre-feet,,"Suspended-sediment discharge: 55,340 tons",South Fork Eel River near Branscomb,,,41.0,-123.5,Annual,10/01/1957-09/30/1967,"{'Water_Discharge': 'acre-feet', 'Suspended_Sediment_Discharge': 'tons'}"
1083,65,1,South Fork Eel River near Miranda,,,1958,water_year,,,,,444000,unknown,acre-feet,,"Suspended-sediment discharge: ~3,900,000 tons (quality flag 4)",South Fork Eel River near Miranda,,,41.3,-123.4,Annual,10/01/1957-09/30/1967,"{'Water_Discharge': 'acre-feet', 'Suspended_Sediment_Discharge': 'tons'}"
1083,65,1,South Fork Eel River near Miranda,,,1959,water_year,,,,,970200,unknown,acre-feet,,"Suspended-sediment discharge: 1,300,000 tons",South Fork Eel River near Miranda,,,41.3,-123.4,Annual,10/01/1957-09/30/1967,"{'Water_Discharge': 'acre-feet', 'Suspended_Sediment_Discharge': 'tons'}"
1083,65,1,South Fork Eel River near Miranda,,,1960,water_year,,,,,1142000,unknown,acre-feet,,"Suspended-sediment discharge: ~2,000,000 tons (quality flag 4)",South Fork Eel River near Miranda,,,41.3,-123.4,Annual,10/01/1957-09/30/1967,"{'Water_Discharge': 'acre-feet', 'Suspended_Sediment_Discharge': 'tons'}"
1083,65,1,South Fork Eel River near Miranda,,,1961,water_year,,,,,1299000,unknown,acre-feet,,"Suspended-sediment discharge: ~1,200,000 tons (quality flag 4)",South Fork Eel River near Miranda,,,41.3,-123.4,Annual,10/01/1957-09/30/1967,"{'Water_Discharge': 'acre-feet', 'Suspended_Sediment_Discharge': 'tons'}"
1083,65,1,South Fork Eel River near Miranda,,,1962,water_year,,,,,847000,unknown,acre-feet,,"Suspended-sediment discharge: ~470,000 tons (quality flag 4)",South Fork Eel River near Miranda,,,41.3,-123.4,Annual,10/01/1957-09/30/1967,"{'Water_Discharge': 'acre-feet', 'Suspended_Sediment_Discharge': 'tons'}"
1083,65,1,Eel River at Scotia,,,1958,water_year,,,,,11470000,unknown,acre-feet,,"Suspended-sediment discharge: 29,420,000 tons",Eel River at Scotia,,,40.7,-124.1,Annual,10/01/1957-09/30/1967,"{'Water_Discharge': 'acre-feet', 'Suspended_Sediment_Discharge': 'tons'}"
1083,65,1,Eel River at Scotia,,,1959,water_year,,,,,3991000,unknown,acre-feet,,"Suspended-sediment discharge: 9,936,000 tons",Eel River at Scotia,,,40.7,-124.1,Annual,10/01/1957-09/30/1967,"{'Water_Discharge': 'acre-feet', 'Suspended_Sediment_Discharge': 'tons'}"
1083,65,1,Eel River at Scotia,,,1960,water_year,,,,,4532000,unknown,acre-feet,,"Suspended-sediment discharge: 15,120,000 tons",Eel River at Scotia,,,40.7,-124.1,Annual,10/01/1957-09/30/1967,"{'Water_Discharge': 'acre-feet', 'Suspended_Sediment_Discharge': 'tons'}"
1083,65,1,Eel River at Scotia,,,1961,water_year,,,,,5178000,unknown,acre-feet,,"Suspended-sediment discharge: 279,000 tons (OCR may be mangled; possibly 8,279,000)",Eel River at Scotia,,,40.7,-124.1,Annual,10/01/1957-09/30/1967,"{'Water_Discharge': 'acre-feet', 'Suspended_Sediment_Discharge': 'tons'}"
1083,65,1,Eel River at Scotia,,,1962,water_year,,,,,764000,unknown,acre-feet,,"Suspended-sediment discharge: 4,758,000 tons",Eel River at Scotia,,,40.7,-124.1,Annual,10/01/1957-09/30/1967,"{'Water_Discharge': 'acre-feet', 'Suspended_Sediment_Discharge': 'tons'}"
1083,65,1,Eel River at Scotia,,,1963,water_year,,,,,6883000,unknown,acre-feet,,"Suspended-sediment discharge: 21,190,000 tons",Eel River at Scotia,,,40.7,-124.1,Annual,10/01/1957-09/30/1967,"{'Water_Discharge': 'acre-feet', 'Suspended_Sediment_Discharge': 'tons'}"
1083,65,1,Eel River at Scotia,,,1964,water_year,,,,,329000,unknown,acre-feet,,"Suspended-sediment discharge: 5,652,000 tons",Eel River at Scotia,,,40.7,-124.1,Annual,10/01/1957-09/30/1967,"{'Water_Discharge': 'acre-feet', 'Suspended_Sediment_Discharge': 'tons'}"
1083,65,1,Eel River at Scotia,,,1965,water_year,,,,,242000,unknown,acre-feet,,"Suspended-sediment discharge: 167,800,000 tons",Eel River at Scotia,,,40.7,-124.1,Annual,10/01/1957-09/30/1967,"{'Water_Discharge': 'acre-feet', 'Suspended_Sediment_Discharge': 'tons'}"
1083,65,1,Eel River at Scotia,,,1966,water_year,,,,,4963000,unknown,acre-feet,,"Suspended-sediment discharge: 28,220,000 tons",Eel River at Scotia,,,40.7,-124.1,Annual,10/01/1957-09/30/1967,"{'Water_Discharge': 'acre-feet', 'Suspended_Sediment_Discharge': 'tons'}"
1083,65,1,Eel River at Scotia,,,1967,water_year,,,,,6407000,unknown,acre-feet,,"Suspended-sediment discharge: 23,530,000 tons",Eel River at Scotia,,,40.7,-124.1,Annual,10/01/1957-09/30/1967,"{'Water_Discharge': 'acre-feet', 'Suspended_Sediment_Discharge': 'tons'}"
1083,65,1,Van Duzen River near Bridgeville,,,1958,water_year,,,,,1006000,unknown,acre-feet,,"Suspended-sediment discharge: ~2,000,000 tons (quality flag 4)",Van Duzen River near Bridgeville,,,40.9,-124.0,Annual,10/01/1957-09/30/1967,"{'Water_Discharge': 'acre-feet', 'Suspended_Sediment_Discharge': 'tons'}"
1083,65,1,Van Duzen River near Bridgeville,,,1959,water_year,,,,,491200,unknown,acre-feet,,"Suspended-sediment discharge: ~600,000 tons (quality flag 4)",Van Duzen River near Bridgeville,,,40.9,-124.0,Annual,10/01/1957-09/30/1967,"{'Water_Discharge': 'acre-feet', 'Suspended_Sediment_Discharge': 'tons'}"
1083,65,1,Van Duzen River near Bridgeville,,,1960,water_year,,,,,467700,unknown,acre-feet,,"Suspended-sediment discharge: ~2,000,000 tons (quality flag 4; OCR '4 000, 000' interpreted as 2,000,000)",Van Duzen River near Bridgeville,,,40.9,-124.0,Annual,10/01/1957-09/30/1967,"{'Water_Discharge': 'acre-feet', 'Suspended_Sediment_Discharge': 'tons'}"
1083,65,1,Van Duzen River near Bridgeville,,,1961,water_year,,,,,586200,unknown,acre-feet,,"Suspended-sediment discharge: 790,000 tons",Van Duzen River near Bridgeville,,,40.9,-124.0,Annual,10/01/1957-09/30/1967,"{'Water_Discharge': 'acre-feet', 'Suspended_Sediment_Discharge': 'tons'}"
1083,65,1,Van Duzen River near Bridgeville,,,1962,water_year,,,,,417600,unknown,acre-feet,,"Suspended-sediment discharge: 300,000 tons",Van Duzen River near Bridgeville,,,40.9,-124.0,Annual,10/01/1957-09/30/1967,"{'Water_Discharge': 'acre-feet', 'Suspended_Sediment_Discharge': 'tons'}"
1083,65,1,Van Duzen River near Bridgeville,,,1963,water_year,,,,,770600,unknown,acre-feet,,"Suspended-sediment discharge: ~1,000,000 tons (quality flag 4; OCR '4 ,000, 000')",Van Duzen River near Bridgeville,,,40.9,-124.0,Annual,10/01/1957-09/30/1967,"{'Water_Discharge': 'acre-feet', 'Suspended_Sediment_Discharge': 'tons'}"
1083,65,1,Van Duzen River near Bridgeville,,,1964,water_year,,,,,455800,unknown,acre-feet,,"Suspended-sediment discharge: ~1,000,000 tons (quality flag 4; OCR '4000,000')",Van Duzen River near Bridgeville,,,40.9,-124.0,Annual,10/01/1957-09/30/1967,"{'Water_Discharge': 'acre-feet', 'Suspended_Sediment_Discharge': 'tons'}"
1083,65,1,Van Duzen River near Bridgeville,,,1965,water_year,,,,,791000,unknown,acre-feet,,"Suspended-sediment discharge: 2,530,000 tons (quality flag 2)",Van Duzen River near Bridgeville,,,40.9,-124.0,Annual,10/01/1957-09/30/1967,"{'Water_Discharge': 'acre-feet', 'Suspended_Sediment_Discharge': 'tons'}"
1083,65,1,Van Duzen River near Bridgeville,,,1966,water_year,,,,,538000,unknown,acre-feet,,"Suspended-sediment discharge: 2,350,000 tons (quality flag 2)",Van Duzen River near Bridgeville,,,40.9,-124.0,Annual,10/01/1957-09/30/1967,"{'Water_Discharge': 'acre-feet', 'Suspended_Sediment_Discharge': 'tons'}"
1083,65,1,Van Duzen River near Bridgeville,,,1967,water_year,,,,,617200,unknown,acre-feet,,"Suspended-sediment discharge: 1,200,000 tons (quality flag 2)",Van Duzen River near Bridgeville,,,40.9,-124.0,Annual,10/01/1957-09/30/1967,"{'Water_Discharge': 'acre-feet', 'Suspended_Sediment_Discharge': 'tons'}"
1136,163,1,"Sacramento River near Red Bluff, Cal.",40.1589,-122.2337,1907,calendar_year,,,,18800,13500000,second-feet,acre-feet,,"The year row: max=196000, min=5590, mean=18800, total runoff=13,500,000 acre-feet",Sacramento River,40.1589,-122.2337,,,Monthly,01/1907-12/1908,second-feet
1136,163,1,"Sacramento River near Red Bluff, Cal.",40.1589,-122.2337,1908,calendar_year,,,,10200,7350000,second-feet,acre-feet,,"The year row: max=83300, min=4650, mean=10200, total runoff=7,350,000 acre-feet",Sacramento River,40.1589,-122.2337,,,Monthly,01/1907-12/1908,second-feet
1136,150,3,Santa Ynez River,34.6419,-120.4451,1908,water_year,,5070,,318,227000,second-feet,acre-feet,,Annual summary row 'The year' — water year 1908 (Oct 1907–Sep 1908),Santa Ynez River,34.6419,-120.4451,,,Daily to Monthly,"11/10/1906-01/07/1907, 09/25/1907-12/31/1908","{'Gage_height': 'Feet', 'Discharge': 'Sec.-ft'}"
1136,119,1,San Diego River,,,1907,water_year,,1050,,60.9,44200,second-feet,acre-feet,,"The year row. Max printed as '1, ,050' interpreted as 1050.",San Diego River,,,32.9,-116.9,Monthly and daily for 1907-1908,01/01/1907-12/31/1908,"{'Discharge': 'second-feet', 'Run-off': 'acre-feet', 'Gage Height': 'feet'}"
1136,119,1,San Diego River,,,1908,water_year,,300,,12.7,9060,second-feet,acre-feet,,The year row.,San Diego River,,,32.9,-116.9,Monthly and daily for 1907-1908,01/01/1907-12/31/1908,"{'Discharge': 'second-feet', 'Run-off': 'acre-feet', 'Gage Height': 'feet'}"
1136,125,1,"Santa Ysabel Creek near Escondido, Cal.",,,1908,calendar_year,,146,,13.8,9940,second-feet,acre-feet,,"From 'The year' row. total_runoff printed as 9,940",Santa Ysabel Creek,,,33.1167,-117.0714,monthly,01/01/1908-12/31/1908,"{'Discharge': 'second-feet', 'Run-off per square mile': 'none specified', 'Depth in inches on drainage area': 'inches', 'Total in acre-feet': 'acre-feet'}"
10430,29,1,"Boulder Creek near Lakeside, Calif.",32.975,-116.7347,1913,water_year,,,,,3520,unknown,acre-feet,,,Boulder Creek near Lakeside,32.975,-116.734722,,,Daily to monthly,"Aug. 12, 1912-Jan. 26, 1926","{'Discharge': 'cubic feet per second (ft3/s) and acre-feet', 'Gage_Height': 'feet'}"
10430,29,1,"Boulder Creek near Lakeside, Calif.",32.975,-116.7347,1914,water_year,,,,,3660,unknown,acre-feet,,,Boulder Creek near Lakeside,32.975,-116.734722,,,Daily to monthly,"Aug. 12, 1912-Jan. 26, 1926","{'Discharge': 'cubic feet per second (ft3/s) and acre-feet', 'Gage_Height': 'feet'}"
10430,29,1,"Boulder Creek near Lakeside, Calif.",32.975,-116.7347,1915,water_year,,,,,11600,unknown,acre-feet,,,Boulder Creek near Lakeside,32.975,-116.734722,,,Daily to monthly,"Aug. 12, 1912-Jan. 26, 1926","{'Discharge': 'cubic feet per second (ft3/s) and acre-feet', 'Gage_Height': 'feet'}"
10430,29,1,"Boulder Creek near Lakeside, Calif.",32.975,-116.7347,1920,water_year,,,,,8500,unknown,acre-feet,,,Boulder Creek near Lakeside,32.975,-116.734722,,,Daily to monthly,"Aug. 12, 1912-Jan. 26, 1926","{'Discharge': 'cubic feet per second (ft3/s) and acre-feet', 'Gage_Height': 'feet'}"
10430,29,1,"Boulder Creek near Lakeside, Calif.",32.975,-116.7347,1921,water_year,,,,,3860,unknown,acre-feet,,,Boulder Creek near Lakeside,32.975,-116.734722,,,Daily to monthly,"Aug. 12, 1912-Jan. 26, 1926","{'Discharge': 'cubic feet per second (ft3/s) and acre-feet', 'Gage_Height': 'feet'}"
10430,29,1,"Boulder Creek near Lakeside, Calif.",32.975,-116.7347,1922,water_year,,,,,18100,unknown,acre-feet,,,Boulder Creek near Lakeside,32.975,-116.734722,,,Daily to monthly,"Aug. 12, 1912-Jan. 26, 1926","{'Discharge': 'cubic feet per second (ft3/s) and acre-feet', 'Gage_Height': 'feet'}"
10430,29,1,"Boulder Creek near Lakeside, Calif.",32.975,-116.7347,1923,water_year,,,,,6360,unknown,acre-feet,,,Boulder Creek near Lakeside,32.975,-116.734722,,,Daily to monthly,"Aug. 12, 1912-Jan. 26, 1926","{'Discharge': 'cubic feet per second (ft3/s) and acre-feet', 'Gage_Height': 'feet'}"
10430,29,1,"Boulder Creek near Lakeside, Calif.",32.975,-116.7347,1924,water_year,,,,,4220,unknown,acre-feet,,,Boulder Creek near Lakeside,32.975,-116.734722,,,Daily to monthly,"Aug. 12, 1912-Jan. 26, 1926","{'Discharge': 'cubic feet per second (ft3/s) and acre-feet', 'Gage_Height': 'feet'}"
10430,29,1,"Boulder Creek near Lakeside, Calif.",32.975,-116.7347,1925,water_year,,,,,3290,unknown,acre-feet,,,Boulder Creek near Lakeside,32.975,-116.734722,,,Daily to monthly,"Aug. 12, 1912-Jan. 26, 1926","{'Discharge': 'cubic feet per second (ft3/s) and acre-feet', 'Gage_Height': 'feet'}"
1136,115,1,"Sweetwater River near Descanso, Cal.",,,1907,calendar_year,,134,,20.1,14500,second-feet,acre-feet,c,The year row. Peak discharge is annual maximum. Accuracy 'C.' on annual row.,Sweetwater River,33.1238,-116.7964,,,Monthly,01/01/1907-12/31/1908,"{'Discharge': 'second-feet', 'Run-off per square mile': 'none specified', 'Depth in inches on drainage area': 'inches', 'Total in acre-feet': 'acre-feet'}"
1136,115,1,"Sweetwater River near Descanso, Cal.",,,1908,calendar_year,,34,,3.8,2700,second-feet,acre-feet,,"The year row. Mean printed as '3,8' interpreted as 3.8.",Sweetwater River,33.1238,-116.7964,,,Monthly,01/01/1907-12/31/1908,"{'Discharge': 'second-feet', 'Run-off per square mile': 'none specified', 'Depth in inches on drainage area': 'inches', 'Total in acre-feet': 'acre-feet'}"
1136,121,2,"San Diego Flume near Lakeside, Cal.",,,1907,calendar_year,,,,6.68,4854,second-feet,acre-feet,,Annual summary from 'The year' row for 1907.,San Diego Flume,,,32.8158,-116.8987,Monthly,01/01/1907-12/31/1908,"{'Gage_height': 'Feet.', 'Discharge': 'Sec.-ft.'}"
1136,121,2,"San Diego Flume near Lakeside, Cal.",,,1908,calendar_year,,,,5.79,4742,second-feet,acre-feet,,Annual summary from 'The year' row for 1908.,San Diego Flume,,,32.8158,-116.8987,Monthly,01/01/1907-12/31/1908,"{'Gage_height': 'Feet.', 'Discharge': 'Sec.-ft.'}"
1136,105,2,"Ash Creek near Olancha, Cal.",,,1907,water_year,,,,10.0,7270,second-feet,acre-feet,,The year row for 1907,Ash Creek,,,36.4155,-118.1534,Monthly,"{'Start': '01/01/1907', 'End': '12/31/1908'}","{'Discharge': 'second-feet', 'Gage_height': 'feet'}"
1136,105,2,"Ash Creek near Olancha, Cal.",,,1908,water_year,,,,5.1,3690,second-feet,acre-feet,,The year row for 1908,Ash Creek,,,36.4155,-118.1534,Monthly,"{'Start': '01/01/1907', 'End': '12/31/1908'}","{'Discharge': 'second-feet', 'Gage_height': 'feet'}"
1136,110,2,"Pine Valley Creek near Jamul, Cal.",32.8465,-116.8706,1907,calendar_year,,119,,19.5,14100,second-feet,acre-feet,,From 'The year' summary row. Peak discharge is the annual maximum (119 sec-ft in March). Minimum listed as 0.,Pine Valley Creek,32.8465,-116.8706,,,Daily (most measurements) and Monthly (summary),01/05/1907-12/22/1908,"{'Width': 'Feet', 'Area_of_section': 'Square feet', 'Gage_height': 'Feet', 'Discharge': 'Second-feet'}"
1136,155,1,"Arroyo Seco near Soledad, Cal.",,,1907,calendar_year,,5180,,391,283000,second-feet,acre-feet,,"The year row. Min discharge 11. Per sq mile 1.82, depth 24.75 in.",Arroyo Seco near Soledad,,,36.5,-121.8,Monthly,01/01/1907-12/31/1908,"{'Discharge': 'second-feet', 'Runoff per square mile': None, 'Depth in inches on drainage area': None, 'Total': 'acre-feet'}"
1136,155,1,"Arroyo Seco near Soledad, Cal.",,,1908,calendar_year,,2320,,86.6,62000,second-feet,acre-feet,,"The year row. Min discharge 0. Per sq mile printed as '403' interpreted as 0.403, depth 5.40 in. Annual total printed as '62.000' interpreted as 62,000 acre-feet. Peak max printed as '2, ,320' interpreted as 2,320.",Arroyo Seco near Soledad,,,36.5,-121.8,Monthly,01/01/1907-12/31/1908,"{'Discharge': 'second-feet', 'Runoff per square mile': None, 'Depth in inches on drainage area': None, 'Total': 'acre-feet'}"
1136,109,1,"Cottonwood Creek near Jamul, Cal.",,,1907,,,1170,,53.7,38900,second-feet,acre-feet,,The year row; min discharge 0.1,Cottonwood Creek,,,32.7992,-116.9606,Monthly,01/1907-12/1908,"{'Discharge': 'second-feet', 'Run-off': 'acre-feet'}"
1136,109,1,"Cottonwood Creek near Jamul, Cal.",,,1908,,,155,,13.3,9530,second-feet,acre-feet,,The year row; min discharge 0.02,Cottonwood Creek,,,32.7992,-116.9606,Monthly,01/1907-12/1908,"{'Discharge': 'second-feet', 'Run-off': 'acre-feet'}"
1136,103,1,"Cottonwood Creek near Olancha, Cal.",,,1907,calendar_year,,,,40.4,29400,second-feet,acre-feet,,"Printed as '29,4 400' — interpreted as 29,400 (Reducto artifact with extra space). Calendar year summary row labeled 'The year'.",Cottonwood Creek,36.4828,-117.9493,,,Monthly,01/1907-12/1908,"second-feet for discharge, acre-feet for run-off"
1136,103,1,"Cottonwood Creek near Olancha, Cal.",,,1908,calendar_year,,,,27.8,20200,second-feet,acre-feet,,Calendar year summary row labeled 'The year'.,Cottonwood Creek,36.4828,-117.9493,,,Monthly,01/1907-12/1908,"second-feet for discharge, acre-feet for run-off"
