,ID,PAGE_NUMBER,Latitude,Longitude,Townships_Ranges_Sections,Watersource_Name,County,Dates_of_Recording,Temporal_Resolution,Units_Of_Measurement,Water_Type,,Total points (out of 9) ,Percentage
0,56394,282,37.6664,-120.4411,"NW & NW14 sec.21 T.3 S., R.14 E.","TUOLUMNE RIVER BELOW LA GRANGE DAM, NEAR LA GRANGE, CA",Stanislaus County,October 1970 to current year,Daily,"cubic feet per second (ft³/s), acre-feet per year (acre-ft/yr)",Stream Discharge,,,
AH,,,1,1,1,1,1,0.5,0,1,1,,7.5,83.33333333
1,2846,29,,,,Whitewater River,,,,acre-ft,Stream Discharge,,,
AH,,,1,1,1,1,1,1,1,1,0.5,,8.5,94.44444444
2,2846,29,,,,San Gorgonio Pass subbasin,,,,acre-ft,Groundwater,,,
,,,1,1,1,1,1,1,1,1,1,,9,100
3,2846,29,,,,Snow Creek,,,,acre-ft,Stream Discharge,,,
,,,1,1,1,1,1,1,1,1,0.5,,8.5,94.44444444
4,2846,29,,,,Falls Creek,,,,acre-ft,Stream Discharge,,,
,,,1,1,1,1,1,1,1,1,0.5,,8.5,94.44444444
5,2846,29,,,,Chino Canyon,,,,acre-ft,Groundwater,,,
,,,1,1,1,1,1,1,1,1,1,,9,100
6,2846,29,,,,Tahquitz Creek,,,,acre-ft,Stream Discharge,,,
,,,1,1,1,1,1,1,1,1,0.5,,8.5,94.44444444
7,2846,29,,,,Palm Canyon,,,,acre-ft,Stream Discharge,,,
,,,1,1,1,1,1,1,1,1,0.5,,8.5,94.44444444
8,2846,29,,,,Deep Creek (Palm Desert),,,,acre-ft,Stream Discharge,,,
,,,1,1,1,1,1,1,1,1,0.5,,8.5,94.44444444
9,2846,29,,,,Miscellaneous,,,,acre-ft,Groundwater,,,
,,,1,1,1,1,1,1,1,1,1,,9,100
10,2846,29,,,"['secs. 3 and 9, T. 5 S., R. 7 E.']",Colorado River water deliveries through Coachella Canal,,"['1948', '1949', '1950', '1951', '1952', '1953', '1954', '1955', '1956', '1957', '1958', '1959', '1960', '1961', '1962', '1963', '1964', '1965', '1966', '1967']",Annual,acre-feet,Irrigation,,,
AH ,,,1,1,1,1,1,1,1,1,0,,8,88.88888889
13,38797,8,,,[],North Fork Cache Creek,,,,,Stream Discharge,,,
AH,,,1,1,1,0,1,1,1,1,0,,7,77.77777778
14,38797,8,,,[],Cache Creek,,,,,Stream Discharge,,,
,,,1,1,1,0,1,1,1,1,0,,7,77.77777778
15,38797,8,,,[],Bear Creek,,,,,Stream Discharge,,,
,,,1,1,1,0,1,1,1,1,0,,7,77.77777778
16,53419,29,39.695833,-123.479444,"21N/15W -1R,M 39°41'45""N,123°28'46""",Spring Pinches Sulphur,MENDOCINO,9-29-66 to 9-29-66,,"{'Temperature': 'Fahrenheit', 'Discharge': 'gpm'}",Springs,,,
AH,,,1,1,1,1,1,1,1,1,1,,9,100
17,53419,29,39.656944,-123.5875,"21N/15W -19M,M 39°39'25""N,123°35'15""",Mud Springs Valley (Jackson Springs) Branscomb,MENDOCINO,9-29-66 to 9-29-66,,"{'Temperature': 'Fahrenheit', 'Discharge': 'gpm'}",Springs,,,
,,,1,1,1,1,1,1,1,1,1,,9,100
18,53419,29,39.826111,-123.58,"23N/15W -19L,M 39*49'34""N,123°34'48""",Division California Highways of,MENDOCINO,9-28-66 to 9-28-66,,"{'Temperature': 'Fahrenheit', 'Discharge': 'gpm'}",Springs,,,
,,,1,1,1,1,1,1,1,1,1,,9,100
19,53419,29,38.284444,-122.328056,"5N/4W -17C,M 38°17'04""N,122°19'41""",Spring Stearns Congress F. A.,NAPA,6-65 to 5-11-65,,"{'Temperature': 'Fahrenheit', 'Discharge': 'gpm'}",Springs,,,
,,,1,1,1,1,1,0.5,1,1,1,,8.5,94.44444444
20,53419,29,38.347222,-122.235,"6N/3W -19X,M 38*20'50""N,122""14'06""",Imboden Pete,NAPA,5-11-65 to 6-65,,"{'Temperature': 'Fahrenheit', 'Discharge': 'gpm'}",Springs,,,
,,,1,1,1,1,1,0.5,1,1,1,,8.5,94.44444444
21,53419,29,38.389722,-122.2775,"6N/4W -2N,M 38*23'23""N,122°16'39""",Soda Springs Nape Soda Jacksons Springs Nasser Napa A1,NAPA,6-65 to 5-11-65,,"{'Temperature': 'Fahrenheit', 'Discharge': 'gpm'}",Springs,,,
,,,1,1,1,1,1,0.5,1,1,1,,8.5,94.44444444
22,53419,29,38.338889,-122.259167,"6N/4W -25E,M 38*20'20""N,122""15'33""",Springs Vichy Lepori Harris Napa M. E.,NAPA,6-65 to 5-11-65,,"{'Temperature': 'Fahrenheit', 'Discharge': 'gpm'}",Springs,,,
,,,1,1,1,1,1,0.5,1,1,1,,8.5,94.44444444
23,53419,29,38.396944,-122.366667,"6N/5W -1L,M 38°23'49""N,122*22'00""",State Home California Veterans,NAPA,6-65 to 5-11-65,,"{'Temperature': 'Fahrenheit', 'Discharge': 'gpm'}",Springs,,,
,,,1,1,1,1,1,0.5,1,1,1,,8.5,94.44444444
24,53419,29,38.484444,-122.241389,"TN/3W -6E,M 38*29'04""N,122""14'29""",Division California of Highways,NAPA,7-65 to 5-11-65,,"{'Temperature': 'Fahrenheit', 'Discharge': 'gpm'}",Springs,,,
,,,1,1,1,1,1,0.5,1,1,1,,8.5,94.44444444
25,53419,29,38.490556,-122.494167,"TN/GW -2D,M 38°29'26""N,122°29'42""","Springs Springs Inc. Camps, Sulphur White California-Nevada White Original Sulphur Methodist",NAPA,5-11-65 to 5-11-65,,"{'Temperature': 'Fahrenheit', 'Discharge': 'gpm'}",Springs,,,
,,,1,1,1,1,1,0.5,1,1,1,,8.5,94.44444444
26,3067,268,37.509722,-119.197222,"NEt sec. 11, T. 5 S., R. 25 E.",San Joaquin River at Miller Crossing,Unknown,"{'Start_Date': 'October 1921', 'End_Date': 'September 1956'}",Daily,"{'Latitude': 'decimal degrees', 'Longitude': 'decimal degrees', 'Discharge': 'cubic feet per second (cfs)', 'Drainage_Area': 'square miles (sq mi)'}",Stream Discharge,,,
,,,1,1,1,1,1,0.5,0,0.5,1,,7,77.77777778
27,10372,13,,,"['T. 30 S., R. 27 E.', 'T. 30 S., R. 28 E.', 'T. 30 S., R. 29 E.', 'T. 30 S., R. 30 E.', 'T. 31 S., R. 24 E.', 'T. 31 S., R. 25 E.', 'T. 31 S., R. 26 E.', 'T. 31 S., R. 27 E.', 'T. 31 S., R. 28 E.', 'T. 31 S., R. 29 E.', '30 E.', 'T. 32 S., R. 23 E.', 'T. 31 S., R. 24 E.', 'T. 31 S., R. 25 E.', 'T. 31 S., R. 26 E.', 'T. 31 S., R. 27 E.', 'T. 31 S., R. 28 E.', 'T. 31 S., R. 29 E.', 'T. 31 S., R. 30 E.']",Mount Diablo Baseline and Meridian,"San Joaquin Valley, California","['1975', '1976', '1977']",Annual,Acre-feet,Groundwater,,,
AH,,,1,1,1,1,1,1,1,1,1,,9,100
28,10372,13,,,"['Tps. 11 & 12 N., 18 W.', '19 W.', '20 W.', '21 W.', '22 W.', '23 W.']",San Bernardino Baseline and Meridian,"San Joaquin Valley, California","['1975', '1976', '1977']",Annual,Acre-feet,Groundwater,,,
,,,1,1,1,1,1,1,1,1,1,,9,100
29,48176,27,,,,Groundwater,Pajaro Valley,"['1963-04-30', '1964-04-30', '1965-04-30', '1966-04-30', '1967-04-30', '1968-04-30', '1969-04-30']",Annual (May 1 - April 30),Acre-feet,Groundwater,,,
,,,1,1,1,0,0.5,1,1,1,1,,7.5,83.33333333
30,3067,266,36.2152778,-120.4694444,"SW1 and SE1 of sec. 5, T. 20 S., R. 14 E.",Los Gatos Creek above Nunez Canyon near Coalinga,Tulare,October 1949 to September 1956,Daily,"{'Gage_Height': 'feet', 'Discharge': 'cubic feet per second'}",Stream Discharge,,,
,,,1,1,1,1,1,0.5,0,1,1,,7.5,83.33333333
32,25076,28,,,,South Fork of Kern River near Onyx,,"['1911-12', '1912-13', '1913-14', '1918-19', '1919-20', '1920-21', '1921-22', '1922-23', '1923-24', '1924-25', '1925-26', '1926-27']",Monthly,Second-feet,Stream Discharge,,,
,,,1,1,1,1,1,1,1,1,1,,9,100
33,25076,28,,,,Erskine Creek near Isabella,,"['1910-11', '1911-12']",Monthly,Second-feet,Stream Discharge,,,
,,,1,1,1,1,1,1,1,1,1,,9,100
34,25076,28,,,,Basin Creek near Havilah,,"['1910-11', '1911-12']",Monthly,Second-feet,Stream Discharge,,,
,,,1,1,1,1,1,1,1,1,1,,9,100
35,25076,28,,,,Tejon House Creek at Tejon ranch house,,"['1894-95', '1895-96', '1896-97']",Monthly,Second-feet,Stream Discharge,,,
,,,1,1,1,1,1,1,1,1,1,,9,100
36,25076,32,36.4167,-119.5,,Kaweah River near Three Rivers,Tulare,"[{'Year': 1902, 'Month': 'October'}, {'Year': 1903, 'Month': 'November'}, {'Year': 1904, 'Month': 'December'}, {'Year': 1935, 'Month': 'January'}, {'Year': 1906, 'Month': 'February'}, {'Year': 1907, 'Month': 'March'}, {'Year': 1908, 'Month': 'April'}, {'Year': 1909, 'Month': 'May'}, {'Year': 1910, 'Month': 'June'}, {'Year': 1911, 'Month': 'July'}, {'Year': 1912, 'Month': 'August'}, {'Year': 1913, 'Month': 'September'}, {'Year': 1914, 'Month': 'October'}, {'Year': 1915, 'Month': 'November'}, {'Year': 1916, 'Month': 'December'}, {'Year': 1917, 'Month': 'January'}, {'Year': 1918, 'Month': 'February'}, {'Year': 1919, 'Month': 'March'}, {'Year': 1920, 'Month': 'April'}, {'Year': 1921, 'Month': 'May'}, {'Year': 1922, 'Month': 'June'}, {'Year': 1923, 'Month': 'July'}, {'Year': 1924, 'Month': 'August'}, {'Year': 1925, 'Month': 'September'}]",Monthly,second-feet,Stream Discharge,,,
,,,0,0,,1,0,0.5,1,1,1,,4.5,50
37,25076,32,36.35,-119.1,,"Kaweah River at McKay Point, near Lemon Cove",Tulare,"[{'Year': 1918, 'Month': 'October'}, {'Year': 1919, 'Month': 'November'}, {'Year': 1920, 'Month': 'December'}]",Monthly,second-feet,Stream Discharge,,,
,,,0,0,,1,0,0.5,1,1,1,,4.5,50
38,2846,46,33.9806,-116.5598,,Desert Hot Springs,Riverside,1953-1967,Annual,Acre-feet,Groundwater,,,
,,,0,0,,1,1,0.5,1,1,1,,5.5,61.11111111
39,2846,46,33.6867,-116.1706,,Mission Creek,Riverside,1953-1967,Annual,Acre-feet,Groundwater,,,
,,,0,0,,1,1,0.5,1,1,1,,5.5,61.11111111
40,2846,46,33.7408,-116.2162,,Garnet Hill,Riverside,1953-1967,Annual,Acre-feet,Groundwater,,,
,,,0,0,,1,1,0.5,1,1,1,,5.5,61.11111111
41,2846,46,33.6947,-116.3081,,Whitewater River,Riverside,1953-1967,Annual,Acre-feet,Groundwater,,,
,,,0,0,,1,1,0.5,1,1,1,,5.5,61.11111111
42,56394,254,37.4541667,-120.6077778,"[""NW&SW's sec. 36"", 'T. 5 S.', 'R.12 E.']",MERCED RIVER AT SHAFFER BRIDGE,Merced County,"{'Start_Date': 'October 1965', 'End_Date': 'September 1976'}",daily,cubic feet per second (ft³/s),Stream Discharge,,,
,,,1,1,1,1,1,1,0,1,1,,8,88.88888889
,,,,,,,,,,,,,,
total points (out of 42) ,,,36,36,36,38,39.5,33,38,41.5,35,,,
Percentage,,,85.71428571,85.71428571,85.71428571,90.47619048,94.04761905,78.57142857,90.47619048,98.80952381,83.33333333,,,
